p,times1,team_times1,won1,team_won1,last,max_times12,mean
191,1500,1273,929,877,2007-12-10 10:54:35,178,32.622478554
202,1500,436,808,314,2007-12-14 01:49:46,196,30.259606257
307,1500,379,358,134,2009-03-12 20:53:56,24,29.1469616339
385,1500,436,490,233,2007-08-26 18:51:53,51,30.0093844981
470,1500,823,820,525,2007-12-02 23:49:44,356,31.0283434971
473,1500,876,660,505,2009-04-08 11:00:40,182,31.3662227799
500,1500,179,633,77,2008-03-02 20:52:19,5,30.1077595805
504,1500,555,518,345,2007-05-18 19:42:44,520,29.8162519761
616,1500,79,606,37,2008-03-14 23:16:31,10,32.1061356203
630,1500,357,472,179,2006-12-14 07:22:48,39,29.1211565153
698,1500,234,572,160,2006-12-01 18:09:39,83,31.6648819055
702,1500,844,816,624,2007-08-17 15:59:54,128,33.5726240685
719,1500,22,613,13,2009-06-15 20:16:19,7,31.5220881698
966,1500,10,638,4,2008-04-11 02:44:24,3,31.9566891481
1173,1500,115,432,55,2007-12-07 23:01:55,16,29.9536322666
1787,1500,450,698,275,2008-02-21 16:54:03,212,30.8288382763
1819,1500,50,626,21,2007-08-22 16:46:24,7,30.0972508285
2036,1500,631,437,273,2006-10-30 23:11:17,48,26.8575235649
2126,1500,153,393,52,2008-02-06 13:00:22,14,29.397243839
2276,1500,602,784,411,2008-01-11 21:41:42,52,29.9279120846
2281,1500,268,748,175,2009-04-14 00:28:37,132,32.4149873167
2302,1500,169,486,93,2007-12-12 20:19:43,90,31.7540562591
2923,1500,20,588,7,2007-12-17 01:18:26,2,29.8919541876
3019,1500,165,1077,132,2008-09-03 16:13:44,97,32.3040012841
3289,1500,855,786,483,2007-12-18 06:57:42,418,29.7274603153
3450,1500,147,577,71,2009-03-24 10:05:16,29,29.6915688186
3525,1500,104,506,51,2008-04-08 00:36:29,12,29.4137415582
3598,1500,99,464,58,2008-01-03 17:49:08,47,30.7859497375
3674,1500,65,390,30,2008-07-30 02:40:52,30,29.5834025882
3753,1500,47,572,24,2008-03-19 20:59:35,16,30.8630459466
3791,1500,1388,1097,1058,2007-07-07 18:21:49,446,31.3344538398
3904,1500,1427,1201,1185,2007-01-28 06:27:27,307,35.9165770278
3950,1500,1108,1137,842,2007-07-30 20:20:06,446,35.1616712326
4176,1500,185,488,96,2008-04-09 19:47:30,73,30.0377482183
4381,1500,740,624,385,2007-09-08 12:38:10,148,30.0112706961
4766,1500,15,499,4,2008-05-12 18:31:12,1,30.5655307247
4857,1500,326,785,200,2007-12-11 15:37:10,100,34.4814899986
4985,1500,1118,923,833,2007-01-18 03:21:13,148,35.4518618722
5001,1500,383,497,248,2007-01-03 22:30:00,211,29.8313534065
5163,1500,866,565,377,2007-07-11 15:48:39,22,29.4510907917
5183,1500,520,617,347,2009-04-13 02:18:16,221,30.5570227574
5360,1500,967,815,658,2007-08-15 01:11:29,225,33.9016150047
5422,1500,51,506,27,2007-04-15 14:59:01,30,30.6973248288
5668,1500,107,464,58,2008-11-12 04:09:25,79,30.2689450296
5696,1500,203,351,63,2008-10-01 23:35:49,48,30.2662476461
5743,1500,620,665,396,2007-04-28 14:44:54,171,29.6411650558
5822,1500,10,468,4,2008-08-03 03:25:51,1,29.6607161131
6145,1500,450,740,353,2007-01-04 03:26:44,111,31.8236572657
6153,1500,940,681,520,2008-04-30 08:15:54,375,29.1460310449
6463,1500,69,459,38,2008-12-30 18:02:35,7,28.95261573
6480,1500,154,445,54,2007-08-21 23:35:38,36,29.2295262934
6584,1500,125,416,53,2009-01-22 22:57:36,46,29.1943104296
6607,1500,56,524,27,2008-12-05 16:23:18,29,30.3701405721
6640,1500,55,416,27,2008-06-11 06:20:43,13,32.5582974809
6692,1500,51,734,27,2008-01-08 17:48:38,4,31.1710970435
6788,1500,584,507,285,2007-05-15 09:53:47,59,28.0590850269
7015,1500,478,644,265,2008-06-05 03:57:54,219,31.3921597795
7285,1500,320,595,132,2008-09-09 19:37:57,168,31.3607283007
7902,1500,11,522,1,2007-09-12 20:06:00,2,31.7832562165
8211,1500,67,490,32,2008-09-30 13:01:03,33,30.486980379
8215,1500,192,561,90,2007-07-03 11:34:24,73,31.6036971621
8395,1500,1089,841,701,2007-03-07 01:15:50,146,32.2117174706
9054,1500,23,416,5,2007-09-19 15:07:46,5,31.489103178
9175,1500,1014,968,766,2007-09-15 08:45:04,533,33.4888760493
9563,1500,47,500,30,2007-12-28 17:35:57,33,29.4336797373
10083,1500,112,542,60,2009-05-05 22:00:03,21,31.5907044085
10277,1500,1171,996,874,2008-02-04 02:59:29,544,32.5938619462
10539,1500,86,430,44,2007-06-08 06:52:14,29,31.887366004
10752,1500,46,535,18,2008-12-20 23:01:12,2,30.7489963096
10807,1500,464,560,215,2008-10-12 03:25:02,167,21.320148826
10893,1500,1296,1008,958,2007-07-24 06:25:21,603,31.4669556188
11107,1500,576,569,325,2008-04-01 00:13:02,393,29.5210062903
11321,1500,513,604,306,2007-05-30 22:05:28,42,30.2969479952
11544,1500,109,677,48,2008-06-23 20:45:18,69,31.9884373735
11592,1500,135,525,40,2008-01-21 18:53:06,42,26.0539045821
12027,1500,458,374,170,2008-10-16 23:13:00,249,29.1489732735
12059,1500,1035,897,783,2006-12-28 04:13:40,513,30.8684352332
12275,1500,243,677,129,2007-10-31 00:08:59,131,32.4456213821
12400,1500,266,464,151,2007-09-15 15:28:30,46,31.5572453641
12637,1500,250,747,125,2008-10-07 22:23:13,127,33.3566095048
13073,1500,33,617,18,2008-06-24 16:41:50,26,32.002033151
13240,1500,113,509,68,2008-02-23 00:30:01,79,29.8828523606
13271,1500,302,604,212,2008-01-20 03:53:34,153,30.271141443
13278,1500,1072,934,774,2007-07-06 01:38:17,398,31.8077011904
13334,1500,1071,916,793,2008-02-24 02:08:00,444,30.9984551056
13404,1500,71,673,18,2008-04-10 21:17:51,2,29.9910593792
13464,1500,1276,846,806,2008-11-07 01:18:55,895,30.0567650409
13475,1500,37,358,9,2008-01-16 13:24:10,2,28.0811266944
13562,1500,7,345,2,2009-06-15 16:03:35,3,32.2173280099
13679,1500,110,471,52,2008-02-04 16:41:26,70,28.7861456961
13801,1500,287,634,158,2009-06-21 11:19:37,148,30.9617158121
13868,1500,266,688,196,2008-04-07 00:27:19,235,31.2893580528
13956,1500,293,665,189,2007-12-13 18:35:59,66,31.4081163068
14165,1500,1281,781,708,2009-03-04 15:25:42,685,30.690278829
14173,1500,76,329,34,2008-09-12 12:25:03,9,28.7274446222
14184,1500,100,468,58,2008-04-28 14:56:42,84,29.7233669197
14379,1500,571,679,273,2008-07-29 14:39:04,544,29.4354685451
14380,1500,645,554,319,2008-05-12 08:30:55,352,29.5170517583
14677,1500,32,502,12,2008-06-21 08:47:38,6,31.7149082993
14768,1500,2,551,0,2008-01-05 15:40:51,1,29.4270987267
14934,1500,1263,1075,990,2007-04-15 15:54:19,463,32.6008824203
14964,1500,1035,868,726,2008-11-27 12:00:32,127,28.3917253726
15295,1500,355,399,116,2008-01-09 07:26:03,12,27.1376921551
15420,1500,2,807,1,2008-01-12 05:34:30,1,29.377979693
15522,1500,276,718,166,2008-03-06 21:39:58,134,33.4474633825
15554,1500,229,508,91,2008-07-28 12:48:14,4,28.329341873
15602,1500,331,397,110,2008-01-17 01:58:55,26,31.0933136751
15631,1500,65,683,31,2008-09-29 14:14:38,58,30.6065242459
15777,1500,724,774,440,2008-12-01 14:48:37,716,30.2784215077
15819,1500,38,561,16,2007-11-24 00:26:11,4,31.5606199284
15865,1500,295,426,159,2008-03-13 03:28:06,20,29.8165890944
16183,1500,322,433,163,2007-10-01 16:01:26,141,29.4658853279
16517,1500,617,650,340,2008-02-29 06:05:22,104,29.6359390156
16558,1500,257,447,71,2009-03-01 06:52:17,4,28.292226793
16627,1500,63,547,31,2008-08-15 21:40:23,45,31.1230106097
16644,1500,4,480,3,2008-07-30 00:37:31,1,30.2747509978
16805,1500,180,582,100,2008-08-08 03:59:10,15,30.6323071853
16867,1500,54,641,16,2008-03-22 22:43:16,7,29.6471367436
17043,1500,225,498,87,2008-03-13 17:54:46,16,28.4996538198
17463,1500,90,558,49,2007-12-16 12:57:02,48,32.1772805819
18203,1500,125,469,84,2008-02-27 11:55:37,58,30.6633902599
18334,1500,35,455,19,2007-12-12 13:48:23,6,31.9457048382
18429,1500,194,696,108,2008-07-24 00:29:48,41,30.0440129475
18458,1500,99,423,43,2009-04-21 15:10:55,32,29.1838043845
18795,1500,257,822,155,2007-11-25 08:04:53,19,29.4906560759
18917,1500,126,408,58,2008-01-29 02:15:45,30,29.350147798
19155,1500,853,808,621,2007-05-07 11:10:52,193,31.3439766109
19318,1500,1021,805,629,2009-06-16 15:27:36,976,32.0130295477
19730,1500,435,605,250,2007-12-01 17:32:11,90,28.055450724
19730,1500,435,605,250,2007-12-01 17:32:11,90,27.8821031291
19791,1500,53,248,20,2009-05-21 21:30:05,2,28.6676861673
19963,1500,72,455,43,2009-06-08 05:29:48,40,31.2004779973
20059,1500,97,266,32,2009-04-08 02:15:20,8,27.7031128309
20493,1500,1422,1115,1091,2008-09-12 23:28:01,339,33.1291338401
20796,1500,272,523,141,2008-11-11 20:33:49,57,29.9365069307
20928,1500,143,534,67,2009-02-09 23:23:32,57,28.9416898101
21076,1500,1087,950,808,2007-06-12 16:59:40,349,33.1528230472
21384,1500,90,505,45,2009-05-05 22:03:03,10,31.6542083184
21430,1500,185,410,61,2008-12-18 02:23:48,17,33.300144758
21468,1500,11,302,2,2008-08-12 21:44:37,1,30.3214050652
21915,1500,31,579,15,2007-09-21 15:54:49,9,29.7655794237
22296,1500,135,398,50,2007-06-23 13:42:22,43,28.1493715657
22523,1500,721,650,418,2009-07-09 07:42:53,351,32.814856575
22571,1500,404,750,283,2007-10-03 02:17:33,45,32.4159001333
22869,1500,148,555,74,2007-12-06 12:57:11,54,31.2707096444
22903,1500,155,779,90,2008-01-02 20:39:49,16,30.5803512243
22937,1500,5,267,1,2008-07-01 22:12:47,1,28.5845794397
23116,1500,539,724,312,2007-12-14 13:43:00,144,30.8782721953
23544,1500,18,873,7,2008-05-05 01:45:00,7,32.2795104412
23779,1500,63,439,34,2007-12-26 01:01:34,57,30.1499754852
23845,1500,216,584,88,2008-03-19 17:36:32,8,30.059554384
23907,1500,1200,761,670,2008-04-11 16:19:42,674,29.4254501528
24077,1500,25,513,9,2009-05-20 09:29:11,9,30.4165313294
24094,1500,27,822,12,2008-08-04 17:49:28,18,29.9589850952
24132,1500,42,580,20,2007-08-11 22:11:09,12,31.4215079
24194,1500,1,307,0,2008-04-21 15:49:57,1,28.2136590692
24299,1500,920,1042,785,2009-04-29 23:00:18,306,33.4081982164
24381,1500,834,734,531,2009-01-01 14:35:50,170,32.9223174444
24389,1500,147,564,68,2009-04-16 09:00:16,6,29.3840414307
24541,1500,1365,1016,953,2008-03-31 01:39:31,329,31.5402933475
24840,1500,102,714,55,2007-08-27 21:03:52,25,30.6463882662
25140,1500,31,470,14,2008-06-11 19:50:29,3,30.0369242049
25205,1500,116,611,60,2008-03-06 08:05:21,51,31.3878188118
25676,1500,785,928,553,2007-08-13 23:51:57,180,32.9757684192
25697,1500,128,368,54,2008-12-13 18:43:37,20,30.8630718205
25756,1500,90,699,39,2008-03-06 17:24:18,62,30.032253718
25829,1500,14,448,6,2008-06-30 17:06:16,1,29.6503785991
25882,1500,703,842,400,2009-07-09 07:42:52,351,32.198631427
25901,1500,743,834,473,2008-06-12 17:23:02,455,31.0174271799
25902,1500,216,609,129,2008-11-23 02:24:55,66,30.0285440721
26130,1500,559,626,409,2008-02-24 15:50:45,143,33.0471914244
26219,1500,369,257,97,2009-05-18 05:30:28,4,29.6262049579
26259,1500,1,817,0,2008-09-19 23:14:00,1,30.8909866673
26473,1500,52,544,23,2008-07-06 18:47:05,2,29.7759665543
26481,1500,405,546,261,2008-10-24 23:52:15,178,29.3059492042
26597,1500,187,680,116,2008-11-02 01:36:14,7,30.1304789838
26637,1500,971,725,614,2007-08-02 11:24:29,62,29.6086849628
27648,1500,1338,1046,993,2008-09-21 13:15:07,339,32.8705822529
27848,1500,30,612,11,2008-04-06 16:06:40,12,30.270078878
28130,1500,81,345,27,2007-11-11 18:40:51,17,32.9303122601
28147,1500,98,648,40,2007-12-18 21:59:52,31,32.9559200468
28153,1500,5,442,0,2008-04-11 02:24:08,1,29.1514213366
28298,1500,220,721,167,2008-03-29 01:56:01,179,30.457147887
28508,1500,16,307,4,2009-05-16 22:01:49,2,29.3948734025
28666,1500,3,465,2,2009-02-14 22:21:35,1,29.3731227461
28697,1500,843,872,574,2008-01-24 04:32:11,454,31.2354690441
28848,1500,270,447,147,2007-12-05 20:55:42,17,29.1123926371
28985,1500,201,553,94,2009-01-22 08:23:22,87,29.6875241157
29217,1500,913,941,691,2007-05-06 11:32:30,214,29.4243516158
29494,1500,104,536,37,2007-11-15 02:57:08,15,28.8057367817
29621,1500,860,971,613,2007-12-16 21:26:49,390,33.6937884279
29713,1500,111,674,51,2007-12-03 03:56:37,34,30.874853707
29834,1500,9,605,1,2007-07-03 23:27:20,1,32.7248920613
29856,1500,86,591,49,2008-02-26 07:21:59,34,30.6126541924
29856,1500,86,591,49,2008-02-26 07:21:59,34,30.5160475662
29899,1500,715,717,435,2009-03-12 20:28:41,57,28.9504803395
30088,1500,269,575,137,2008-05-24 07:24:05,44,30.4662337449
30155,1500,13,382,5,2009-06-01 17:11:16,1,29.1670401281
30719,1500,37,439,15,2009-04-23 03:41:06,2,29.6303886835
30729,1500,37,553,8,2008-09-29 23:12:02,17,31.0445953733
30753,1500,273,722,128,2009-05-02 06:26:09,137,30.4372164305
31070,1500,199,653,92,2007-10-25 10:14:39,12,30.8887311043
31096,1500,76,643,45,2008-10-06 20:00:40,42,30.0449696985
31181,1500,1018,750,605,2008-06-08 22:00:09,99,29.9358806078
31411,1500,198,682,102,2008-12-07 22:25:41,9,31.4725909636
31411,1500,198,682,102,2008-12-07 22:25:41,9,31.3960396941
31662,1500,621,716,428,2008-01-18 18:49:58,377,28.9885905611
31879,1500,107,646,36,2008-03-01 07:15:13,16,28.4366302335
32020,1500,931,743,579,2008-03-28 09:36:22,900,29.7312828474
32178,1500,604,786,389,2008-01-29 18:47:54,26,30.0749143542
32203,1500,1050,888,767,2008-12-14 18:09:56,56,30.0183925016
32212,1500,163,425,71,2008-11-10 16:58:28,16,29.11938524
32214,1500,123,404,44,2007-11-20 13:05:22,46,30.9686584614
32373,1500,938,646,508,2008-10-05 03:24:54,134,29.9925783472
32497,1500,224,406,99,2008-09-04 16:09:23,6,29.938401542
32682,1500,202,770,105,2008-03-23 15:25:31,15,31.8059405407
32694,1500,240,452,110,2008-07-30 19:25:02,187,28.8105472319
32710,1500,31,380,11,2009-04-05 21:42:56,2,28.7497256934
32870,1500,400,579,245,2007-08-30 15:45:53,43,32.1881239256
33026,1500,210,702,102,2008-04-16 17:01:01,12,29.9827239519
33409,1500,94,584,41,2007-11-20 21:48:17,27,30.6759877464
33485,1500,559,532,259,2009-06-13 18:13:28,324,30.2971497635
33496,1500,33,944,19,2007-08-28 19:06:15,10,32.0839506711
33505,1500,348,553,174,2008-08-26 11:22:04,206,31.3678747084
33612,1500,344,633,157,2008-12-04 19:11:47,229,29.4254933573
33808,1500,115,474,46,2008-06-14 16:45:20,3,28.4039566649
34055,1500,173,624,84,2009-04-10 16:50:49,55,28.5563355983
34055,1500,173,624,84,2009-04-10 16:50:49,55,28.5708861734
34111,1500,852,784,522,2007-12-10 20:11:27,728,31.320624585
34282,1500,281,596,113,2008-05-20 03:48:26,36,28.6272692676
34907,1500,22,429,3,2009-02-09 13:06:00,2,28.1128354483
35084,1500,350,479,212,2009-03-18 20:56:18,60,29.921577252
35468,1500,172,500,51,2008-05-14 04:22:39,18,28.6666597833
35511,1500,457,589,239,2007-09-02 12:12:34,92,33.232555155
35623,1500,382,768,224,2008-08-10 02:54:10,41,30.0241434245
35626,1500,669,528,300,2008-10-08 02:56:00,20,31.1693009992
35662,1500,172,488,92,2008-03-10 15:40:38,90,27.6279163042
35780,1500,119,1247,86,2008-06-20 14:27:38,68,35.0368425166
35808,1500,412,518,216,2007-07-14 14:59:06,58,30.8988111946
36100,1500,1067,866,690,2009-06-12 05:39:43,241,31.903394011
36403,1500,69,675,32,2009-02-14 21:10:04,11,28.758658762
36468,1500,1150,928,809,2007-12-18 17:49:58,123,32.6137916973
36555,1500,227,502,76,2009-03-27 22:46:52,187,27.7803411556
36777,1500,238,274,47,2008-08-13 20:42:30,16,28.7687961489
37034,1500,9,430,4,2007-09-22 04:28:59,5,31.6764484319
37070,1500,260,517,171,2008-09-12 20:17:58,44,30.7554420165
37132,1500,74,836,46,2008-12-02 14:35:04,20,30.3983779156
37283,1500,1,200,0,2009-03-23 17:55:15,1,28.5634928487
37412,1500,240,533,108,2007-12-17 21:56:51,21,31.8953318086
37442,1500,77,432,38,2009-02-20 15:18:50,17,29.8562054668
37458,1500,120,688,58,2007-11-09 08:22:33,68,30.951004115
37514,1500,1273,799,754,2008-11-21 01:26:58,921,30.3504697951
37633,1500,26,870,14,2009-04-06 17:41:26,15,31.252344057
37734,1500,731,923,553,2008-01-06 23:45:39,218,30.4014112854
37889,1500,117,469,41,2009-01-09 17:24:10,22,29.8777436583
38096,1500,360,400,121,2008-10-06 18:25:57,4,28.5505816261
38104,1500,244,545,113,2008-05-07 03:11:38,18,32.059599369
38256,1500,209,328,59,2008-01-04 00:52:44,18,29.2002058678
38533,1500,1018,784,634,2007-10-26 18:25:39,65,31.5689015261
38560,1500,121,656,67,2008-04-14 17:17:05,116,29.4329965103
38560,1500,121,656,67,2008-04-14 17:17:05,116,29.3428426113
38744,1500,36,821,23,2009-03-06 01:50:46,11,30.3473302583
38968,1500,54,660,25,2008-06-04 03:28:36,31,30.7176166036
39030,1500,29,809,18,2009-02-09 06:25:19,7,33.6019455657
39039,1500,396,571,215,2007-12-26 03:33:26,40,30.0724216357
39050,1500,435,660,267,2009-01-28 02:43:03,13,29.7385920338
39092,1500,5,893,1,2007-10-07 01:44:45,1,33.821740602
39446,1500,647,798,476,2008-01-17 17:44:39,250,32.3222072711
39472,1500,211,945,131,2008-06-03 02:48:45,161,30.9129342165
39552,1500,63,337,25,2008-04-19 01:24:43,6,28.6327178192
39610,1500,73,516,34,2009-06-10 08:55:16,7,29.8864116978
39622,1500,27,323,4,2008-02-26 03:57:19,2,23.8929015176
39665,1500,822,749,540,2007-09-23 17:14:57,327,33.4763700385
39939,1500,194,560,107,2008-09-07 11:16:34,40,28.5984531427
39968,1500,374,809,249,2009-06-06 14:14:09,177,33.1026772723
40007,1500,341,640,249,2009-01-13 17:23:21,271,31.8010557726
40042,1500,76,622,45,2008-02-19 20:05:25,3,30.2893375584
40267,1500,228,552,110,2008-11-20 03:30:16,81,30.9878137469
40328,1500,10,790,2,2008-01-12 07:28:10,1,32.1194955145
40385,1500,10,468,4,2008-03-28 20:20:12,3,30.9773096268
40721,1500,131,437,59,2008-11-19 17:27:00,79,28.923506991
40753,1500,804,735,498,2008-06-26 19:42:20,63,30.5909687852
40754,1500,8,361,2,2008-01-18 14:34:11,4,29.2777423247
40910,1500,499,838,352,2009-06-23 14:12:52,337,31.012925514
40923,1500,754,559,420,2008-02-20 04:43:24,50,28.5105735196
41209,1500,10,741,2,2007-11-20 12:58:42,4,31.4450881945
41309,1500,593,547,338,2009-02-26 02:13:32,390,35.5130305583
41365,1500,1162,926,776,2008-09-02 12:21:01,241,33.436767291
41389,1500,976,933,689,2008-05-13 01:57:52,178,32.2735954095
41443,1500,1,687,0,2009-01-30 15:04:46,1,30.253660205
41647,1500,101,691,38,2008-03-19 15:22:52,5,30.8424824116
41677,1500,42,490,17,2008-03-01 00:11:03,7,29.4679459152
41861,1500,10,936,5,2008-09-13 01:27:55,2,32.0881369287
41957,1500,177,720,71,2008-01-02 06:32:46,5,30.9824400255
42305,1500,264,522,125,2008-09-22 15:17:36,50,28.4955290944
42317,1500,1,664,0,2008-08-07 19:05:54,1,27.5755469837
42408,1500,235,743,112,2008-03-15 17:18:35,32,31.8322889531
42575,1500,270,772,152,2008-07-15 18:24:59,155,32.2076755624
42579,1500,181,755,134,2008-07-13 14:41:48,170,30.3387711538
42617,1500,842,850,581,2009-03-11 04:03:36,298,31.6660081808
42690,1500,79,581,32,2008-08-22 08:02:28,13,31.1572946522
42857,1500,34,572,12,2007-09-04 03:35:29,4,31.3289542342
43034,1500,9,563,1,2008-01-15 22:14:54,1,30.0016427622
43058,1500,62,577,23,2009-04-28 06:56:14,2,30.2729869288
43318,1500,219,540,87,2008-03-14 14:36:30,12,28.8394546086
43335,1500,15,591,5,2008-09-02 14:54:23,3,30.3021111774
43638,1500,630,805,447,2009-05-01 13:37:16,167,32.3423216538
43677,1500,371,551,221,2008-07-16 14:28:14,94,30.0222240866
43851,1500,53,521,24,2008-07-11 03:32:52,2,29.1735661514
43874,1500,1168,864,762,2008-08-03 03:56:05,600,32.3333830615
43877,1500,625,592,336,2008-02-22 09:26:25,387,30.9697236993
43946,1500,22,286,1,2008-05-07 20:23:24,1,29.8658225324
44018,1500,312,502,120,2008-04-07 16:17:59,6,28.7919824652
44088,1500,264,366,112,2007-12-27 22:46:03,72,30.128886915
44284,1500,753,716,442,2009-03-30 07:18:19,101,30.9781269414
44295,1500,7,578,2,2008-04-10 21:14:37,2,27.1997805865
44318,1500,104,317,40,2008-06-12 00:13:19,4,28.2118802547
44444,1500,351,473,166,2009-03-18 07:53:08,114,30.6776946418
44462,1500,179,347,74,2008-08-17 22:05:57,15,29.2468351645
44474,1500,1039,872,714,2008-11-12 08:48:45,57,32.0338430971
44499,1500,204,373,77,2008-08-12 18:43:56,3,28.1365539367
44545,1500,102,1266,70,2009-04-13 14:44:08,13,29.8321993991
44555,1500,186,481,83,2009-03-20 14:52:12,21,29.7549606749
44631,1500,604,435,297,2008-02-25 15:16:16,40,28.4425079276
44771,1500,92,340,36,2009-01-05 16:55:22,6,32.3199818421
44806,1500,25,710,16,2009-01-09 00:01:08,7,31.1228749263
44835,1500,792,845,536,2009-04-19 20:10:19,163,30.6669426207
44904,1500,4,360,1,2007-12-29 12:23:21,1,31.0236978809
44963,1500,101,706,71,2008-01-11 17:53:17,63,31.4221566738
45014,1500,276,572,116,2009-01-28 01:57:33,72,30.102300224
45024,1500,75,749,30,2008-07-18 13:29:18,3,30.0343531654
45061,1500,241,621,139,2009-02-21 20:22:30,199,31.6286300378
45070,1500,584,783,370,2008-01-14 15:59:56,140,31.7746485989
45130,1500,42,590,11,2008-02-16 19:18:07,7,30.9614417751
45215,1500,115,529,54,2008-04-30 17:34:44,4,29.4819524775
45272,1500,127,575,48,2007-10-28 13:35:07,3,30.6713613844
45395,1500,624,539,330,2007-05-24 03:12:01,246,30.0164798968
45414,1500,54,788,33,2008-12-12 01:43:13,5,32.6020130334
45829,1500,408,539,145,2008-01-19 17:31:35,11,29.758003601
46002,1500,48,327,7,2007-06-15 16:10:28,4,27.5685408411
46083,1500,46,435,15,2008-04-02 11:17:14,38,30.5126883072
46292,1500,134,672,64,2009-03-03 11:40:45,30,30.237729535
46503,1500,119,866,63,2008-04-10 23:51:39,62,33.5371758235
46557,1500,1281,1182,1038,2008-01-18 21:29:17,432,37.9115508572
46574,1500,181,487,69,2007-12-05 21:53:35,37,30.5463715366
46713,1500,4,876,1,2008-08-20 21:49:42,2,33.1024831413
46781,1500,11,278,4,2008-11-20 11:36:00,5,28.8938988297
47054,1500,47,757,28,2009-06-22 22:39:48,31,29.597545722
47206,1500,118,634,61,2009-04-29 01:07:14,19,29.8440629196
47217,1500,473,651,313,2008-06-14 15:46:07,144,24.3688072044
47278,1500,176,1103,124,2007-12-29 23:46:58,87,34.9133955278
47431,1500,691,852,390,2008-11-08 02:18:59,688,30.9552683294
47476,1500,139,663,85,2008-03-31 23:00:42,59,32.5634061305
47925,1500,1,741,0,2007-12-24 12:32:35,1,30.0965606985
47932,1500,12,875,7,2008-08-05 18:24:28,8,33.1405724637
48147,1500,1203,989,920,2007-07-27 17:46:01,156,31.4043433005
48388,1500,311,443,122,2007-12-05 03:25:02,243,28.9327466322
48551,1500,19,683,6,2008-08-30 18:00:01,1,28.3218664358
48744,1500,1033,562,455,2009-06-17 18:56:13,215,29.399755099
48906,1500,14,345,8,2008-03-28 23:47:33,6,30.1735130185
48946,1500,1355,952,902,2008-01-14 15:53:14,522,29.4570332596
48950,1500,213,480,88,2008-05-26 03:49:27,22,30.3440610535
49223,1500,729,764,428,2007-07-30 17:40:23,339,30.9211656027
49296,1500,774,812,511,2008-07-29 17:18:05,112,32.2417641696
49321,1500,325,583,178,2009-05-08 03:56:20,140,32.1560948972
49333,1500,27,791,15,2008-04-14 19:59:33,26,30.3477676766
49417,1500,398,599,124,2008-05-25 00:37:48,46,27.5553239756
49565,1500,1240,881,779,2008-06-11 12:07:27,517,31.4293781364
49622,1500,317,648,162,2008-01-21 03:30:17,169,30.8048685966
49770,1500,27,649,13,2008-03-03 21:21:59,10,30.4193652074
49811,1500,200,496,115,2007-12-28 03:59:07,58,31.8162000674
50173,1500,326,798,219,2008-01-23 01:00:21,321,31.5537713096
50253,1500,1080,930,794,2009-04-13 22:24:20,913,31.1788593537
50308,1500,29,639,16,2009-01-16 20:43:15,11,30.2822280163
50603,1500,314,625,186,2009-04-07 21:32:07,37,31.7898630979
50617,1500,470,622,254,2008-08-31 20:05:13,340,31.4319704288
50657,1500,9,794,4,2009-02-07 19:51:43,7,32.3821858807
50833,1500,428,627,202,2009-02-21 17:46:54,106,30.4031093212
50840,1500,76,457,26,2008-11-02 15:46:14,73,29.8056199912
51382,1500,419,852,314,2008-03-25 19:52:41,203,31.0203372487
51387,1500,1023,796,623,2008-12-15 07:24:57,980,30.9564566714
51396,1500,101,844,56,2008-01-09 17:16:56,5,31.1729941558
51422,1500,63,457,33,2007-08-04 23:32:50,4,31.3008321572
51539,1500,68,280,20,2008-06-25 04:12:39,10,28.9531858061
51616,1500,104,517,49,2008-02-22 15:05:38,26,31.6621382634
51706,1500,23,779,6,2008-01-18 12:56:58,4,34.3249703791
51913,1500,75,624,31,2007-11-22 17:07:50,33,29.8429103181
52020,1500,161,510,62,2008-06-30 19:50:38,15,29.057830517
52144,1500,13,854,4,2008-07-20 19:03:55,2,31.3868874098
52310,1500,2,447,0,2008-04-06 11:25:47,1,30.7769098558
52383,1500,7,740,2,2008-10-25 01:20:45,4,31.3216799462
52542,1500,26,592,15,2008-01-29 03:02:00,20,30.1724864329
52842,1500,11,271,5,2007-12-21 02:20:45,1,28.548294767
52909,1500,59,646,33,2007-10-17 20:56:55,13,29.3470177955
53243,1500,45,567,16,2008-01-31 06:46:33,8,30.4508989786
53409,1500,7,429,2,2007-09-13 21:17:57,1,30.7542238762
53502,1500,566,605,303,2008-01-03 19:26:39,42,30.2753732255
53522,1500,1329,840,763,2009-06-29 06:49:30,576,33.6381611296
53579,1500,3,826,2,2009-06-20 11:14:48,1,30.7703234961
53651,1500,175,348,33,2008-01-27 23:46:29,26,27.8618742323
53692,1500,550,744,346,2007-08-06 10:59:33,199,32.499849124
53763,1500,1328,989,933,2007-11-13 18:50:08,169,33.9444659565
54039,1500,303,603,163,2008-02-24 15:35:32,19,29.2518383377
54470,1500,87,747,33,2009-03-30 23:59:04,19,29.4453858835
54537,1500,119,650,48,2007-09-26 02:23:17,3,30.016486846
54605,1500,128,651,61,2008-08-29 18:48:39,84,30.2912616971
54712,1500,98,406,34,2008-07-18 07:18:18,7,28.8815478678
54829,1500,2,604,0,2009-07-02 22:54:51,1,28.984654096
54862,1500,103,570,36,2008-10-06 17:43:26,88,29.9783389327
55033,1500,429,776,293,2008-07-04 02:21:31,428,29.1344301476
55336,1500,1126,785,672,2009-03-23 17:07:44,609,31.5251453566
55556,1500,5,205,0,2008-03-02 21:35:48,2,27.9252508064
55559,1500,119,462,50,2008-02-28 19:25:10,10,30.135467764
55569,1500,8,714,4,2008-01-26 21:13:14,2,32.0028206197
55633,1500,648,660,371,2008-12-28 12:06:14,560,31.1770613759
55671,1500,64,762,30,2007-11-27 17:29:58,12,33.2891970841
55810,1500,8,635,2,2008-04-05 18:03:08,1,31.12089416
55843,1500,87,738,51,2008-09-18 22:01:37,66,31.8072324661
55996,1500,248,686,114,2009-02-10 12:41:16,3,31.2802067448
56015,1500,143,510,71,2009-06-14 16:08:18,48,28.8080687426
56019,1500,1272,948,859,2007-10-28 12:21:58,388,31.8299424417
56045,1500,446,599,248,2008-01-20 09:51:22,108,30.3058560021
56104,1500,51,553,21,2008-02-15 21:12:28,21,32.3214758056
56194,1500,1400,880,857,2009-02-28 22:53:11,888,31.2939635702
56376,1500,474,627,292,2008-01-09 00:31:22,98,29.6426519726
56413,1500,1050,1052,780,2008-10-23 19:31:04,512,32.6541209553
56433,1500,326,329,102,2009-02-18 21:18:34,21,29.8128663022
56544,1500,1161,877,786,2008-02-10 20:36:49,663,33.6227575396
56776,1500,174,668,104,2008-12-04 10:39:16,26,30.5720396616
56886,1500,708,806,451,2007-10-01 02:00:49,151,30.5257633295
57308,1500,143,792,70,2008-05-03 22:25:32,4,29.4687526809
57337,1500,724,895,485,2008-10-17 13:03:22,66,32.4048406825
57673,1500,307,809,183,2008-11-07 16:47:25,247,33.0987433978
57704,1500,396,629,125,2008-06-14 09:14:55,6,29.6878332618
57704,1500,396,629,125,2008-06-14 09:14:55,6,29.7445148672
58166,1500,90,433,35,2008-10-29 00:47:36,8,30.420460077
58227,1500,218,691,119,2008-06-01 00:48:57,103,33.1452756758
58563,1500,18,367,6,2009-04-04 22:00:55,4,29.644925328
58731,1500,189,572,90,2009-01-28 20:21:48,33,29.7990165745
58787,1500,674,516,320,2007-07-16 21:08:10,158,29.2509069462
58808,1500,1,630,1,2008-04-08 07:35:16,1,30.3473886176
58867,1500,91,757,51,2008-08-30 23:19:51,15,29.3753642972
59040,1500,33,494,19,2009-01-06 23:50:31,1,29.535744124
59083,1500,741,617,439,2008-06-04 04:05:16,109,25.8269373472
59176,1500,299,654,180,2009-01-05 21:16:05,269,30.7599353139
59190,1500,10,1076,4,2009-04-26 13:00:02,5,32.3305400396
59332,1500,444,781,263,2009-07-01 12:01:30,8,29.7345531462
59677,1500,56,458,24,2008-09-21 03:24:27,3,28.3192327002
59722,1500,920,821,645,2007-10-28 08:38:07,72,32.5666703592
59755,1500,310,800,179,2009-03-08 20:30:29,152,31.493657178
59782,1500,7,726,4,2007-12-20 16:29:11,1,30.6849132855
59870,1500,74,905,32,2008-05-21 19:54:23,5,30.1186065285
60069,1500,215,515,117,2007-11-20 02:35:50,26,30.3789367022
60525,1500,2,644,2,2008-08-30 16:21:02,1,29.9526171384
60541,1500,102,592,29,2008-11-06 00:54:09,4,30.5617047947
60753,1500,1465,1055,1041,2008-02-21 02:46:12,88,30.5811513159
61076,1500,926,681,564,2008-06-09 04:19:46,313,33.0901330948
61108,1500,51,639,21,2007-12-01 22:13:59,3,30.8360453917
61335,1500,275,798,156,2008-02-27 01:41:19,30,29.0443618197
61354,1500,58,565,27,2009-03-15 01:38:11,53,30.3927128653
61410,1500,268,525,110,2008-12-27 23:40:26,5,28.8866288039
61508,1500,117,613,50,2009-02-21 00:55:51,6,28.4614726151
61816,1500,104,788,52,2009-03-30 23:31:58,84,34.843117147
62154,1500,381,619,202,2008-09-07 06:33:00,16,31.3803449089
62228,1500,147,877,98,2008-04-12 10:07:41,12,32.8854872435
62308,1500,422,710,138,2008-07-30 21:09:17,13,28.1387996586
62408,1500,32,597,13,2008-03-03 20:54:52,14,28.8069828354
62419,1500,355,549,143,2009-06-02 12:58:31,177,29.9129314317
62475,1500,14,753,5,2007-10-25 12:29:48,3,33.5590796741
62487,1500,271,726,176,2008-08-17 19:15:28,26,30.6596059058
62539,1500,73,756,30,2008-05-06 07:19:35,11,27.8492724842
62617,1500,109,737,45,2008-10-17 21:01:43,93,30.3832559839
62814,1500,71,927,26,2007-12-11 16:46:47,8,33.7763516953
62875,1500,3,230,1,2009-01-20 03:56:34,1,29.3910114791
62891,1500,548,583,370,2009-01-27 20:24:22,69,29.8861503622
62993,1500,15,553,7,2008-03-06 19:56:04,3,30.6983289234
63226,1500,823,722,516,2008-06-20 23:25:22,270,29.7986216126
63347,1500,104,463,52,2008-01-14 14:19:10,12,28.5938358741
63376,1500,59,438,16,2009-06-13 18:25:36,2,28.3940333803
63548,1500,123,527,49,2007-12-27 01:27:31,100,30.8797844514
63800,1500,57,741,25,2008-02-27 20:19:03,3,32.797386891
63808,1500,18,641,4,2007-11-10 17:37:51,11,31.7008101398
63823,1500,269,661,145,2008-03-09 21:27:12,74,31.8358992012
63865,1500,458,440,145,2009-03-22 15:05:08,7,29.2327754094
63916,1500,169,429,75,2008-08-18 17:56:27,40,29.2005907455
64005,1500,166,357,32,2009-02-15 03:37:41,5,16.928325539
64063,1500,127,417,33,2009-04-08 18:56:25,8,30.7901045753
64176,1500,571,795,395,2008-12-18 23:14:41,41,31.6321922309
64203,1500,75,501,33,2009-06-01 18:34:47,21,28.926908555
64257,1500,30,530,8,2009-03-16 02:59:21,6,30.5949646819
64381,1500,18,275,11,2009-05-21 19:31:41,2,28.9969432809
64591,1500,217,544,93,2009-01-28 02:52:26,143,29.8390951679
64949,1500,242,581,142,2008-08-19 14:12:46,178,30.1982011888
64979,1500,2,423,0,2008-02-21 19:23:19,1,29.848598926
65099,1500,961,821,583,2007-10-22 03:20:30,193,30.3610399624
65318,1500,99,708,68,2007-12-18 20:25:32,26,30.7276516636
65393,1500,232,613,120,2008-05-03 21:54:04,27,31.2177384059
65443,1500,288,484,86,2008-04-17 11:36:17,45,29.2812561704
65458,1500,41,829,27,2009-03-22 03:15:10,10,32.7708386378
65504,1500,29,391,14,2009-02-05 10:49:54,6,28.5340358866
65516,1500,6,464,0,2008-07-21 00:25:41,1,29.0610505874
65742,1500,429,821,265,2008-10-11 22:39:48,110,32.4898131785
65784,1500,261,489,140,2007-12-21 01:27:15,144,30.6663568556
66073,1500,256,624,106,2009-01-02 16:51:59,172,30.3443505217
66100,1500,28,436,7,2007-11-14 21:17:51,3,24.7738638383
66864,1500,726,921,472,2009-04-06 14:38:34,500,29.7407864866
66877,1500,38,151,5,2009-04-13 02:02:30,2,26.8370556046
66955,1500,23,341,8,2008-11-20 21:36:44,7,29.9519932862
66998,1500,6,531,1,2007-12-16 18:26:46,3,31.8782912595
67161,1500,482,967,332,2007-12-10 01:12:17,52,32.8628270092
67169,1500,392,498,215,2008-06-02 19:50:49,80,31.0892194412
67255,1500,960,914,611,2009-02-02 09:39:50,137,33.9982665583
67289,1500,153,735,105,2007-12-05 16:35:41,70,33.5896331267
67826,1500,213,637,102,2008-02-21 21:59:13,72,30.7048432991
68025,1500,27,547,18,2008-06-09 01:34:41,4,32.2791119645
68319,1500,15,656,4,2008-07-12 19:16:47,3,35.724866818
68441,1500,84,362,23,2008-01-26 01:30:26,13,29.3046372689
68829,1500,357,549,155,2008-02-21 18:00:39,43,30.8263914355
68889,1500,267,482,131,2009-04-16 22:20:38,89,29.7009980314
69057,1500,109,614,41,2007-11-15 09:04:45,15,28.1409033992
69269,1500,167,496,78,2008-07-28 06:26:44,100,27.4585536084
69771,1500,31,644,14,2008-11-26 04:52:31,14,29.2145281747
69837,1500,20,513,2,2007-12-30 23:15:25,2,27.6412717634
69996,1500,26,458,8,2009-05-31 06:53:27,2,29.557177851
70197,1500,354,471,174,2007-12-31 01:38:37,36,31.7277587844
70376,1500,349,768,200,2008-08-16 11:58:15,28,31.6268918297
70571,1500,836,752,566,2007-12-12 14:10:18,178,32.3951229212
70676,1500,31,813,16,2008-04-25 18:30:05,16,28.780419889
70768,1500,15,828,8,2008-02-22 22:15:06,1,30.8848713605
70772,1500,60,654,19,2008-10-17 20:29:50,3,28.9672364181
70787,1500,29,367,4,2008-06-30 17:35:27,17,30.7135931922
70821,1500,14,657,2,2009-04-08 16:26:51,4,30.6421788932
70823,1500,484,851,313,2009-01-25 05:14:10,164,31.7027285454
70829,1500,240,576,93,2008-11-14 01:56:35,28,29.624783481
70837,1500,70,462,27,2008-07-08 06:55:44,14,30.1231206445
71268,1500,6,403,3,2008-12-09 14:37:56,2,30.2929899969
71762,1500,72,452,24,2008-07-09 16:37:47,50,27.9905811104
71998,1500,4,471,1,2009-06-17 22:37:10,1,30.3615391271
72500,1500,43,536,17,2008-03-09 22:39:48,13,29.2658930572
72559,1500,83,459,31,2009-01-05 17:53:46,9,30.0716980152
72630,1500,2,510,2,2009-03-24 18:04:29,1,30.3379188986
72661,1500,35,303,10,2007-11-13 04:20:49,3,30.7048985095
73000,1500,799,956,521,2007-11-11 12:36:02,105,32.2455093218
73200,1500,896,558,380,2008-09-10 16:58:30,43,30.1434093135
73347,1500,174,382,50,2008-07-18 21:02:36,113,29.2612479711
73536,1500,163,436,69,2008-08-03 22:26:41,55,30.4487001297
73740,1500,85,492,32,2009-01-04 19:26:31,15,28.8008300941
73745,1500,66,491,43,2008-04-22 03:17:24,33,31.4024925199
74592,1500,63,827,33,2008-05-27 05:00:55,28,33.5966676736
74712,1500,47,845,27,2008-08-18 03:47:56,13,31.7107174372
74771,1500,45,644,15,2008-06-26 04:38:42,2,30.575610117
75025,1500,2,478,0,2008-09-15 20:54:44,1,29.7508213253
75064,1500,368,504,130,2008-04-27 15:07:37,28,28.8859783847
75440,1500,2,528,1,2008-02-25 15:50:17,1,27.5824629208
75469,1500,114,794,46,2007-11-09 01:02:45,17,31.9268195795
75470,1500,20,648,9,2008-02-18 20:25:52,2,30.7209691085
75579,1500,14,514,0,2008-08-09 22:52:54,2,31.1041386328
75858,1500,167,550,92,2008-11-21 13:23:14,28,27.9149733534
76026,1500,210,594,103,2008-08-16 11:49:24,118,30.1523999986
76324,1500,2,670,0,2008-08-24 01:30:46,2,29.8340549546
76474,1500,9,581,2,2008-01-16 16:37:48,1,32.3507737853
76516,1500,62,160,9,2008-06-22 20:57:32,2,26.6289389457
76555,1500,13,508,7,2008-05-26 16:48:01,3,28.9802335122
76820,1500,304,675,139,2008-03-23 03:23:40,88,29.6781861874
76921,1500,80,485,38,2009-05-25 20:45:07,13,30.6570300562
76970,1500,25,409,5,2009-03-13 17:13:39,7,28.9008545232
76987,1500,15,353,4,2009-02-12 05:56:44,8,29.52322656
77311,1500,42,555,11,2008-03-28 23:06:17,2,29.6175120816
77502,1500,12,564,5,2007-12-15 01:01:52,3,29.4573228415
78018,1500,292,712,182,2008-01-06 12:51:36,15,31.6322714136
78059,1500,84,783,32,2008-07-26 00:18:45,53,30.0792738436
78404,1500,101,514,40,2008-01-05 22:11:32,3,31.5271265469
78481,1500,40,830,17,2008-06-28 13:18:14,8,29.6650243677
78600,1500,140,515,64,2008-05-02 22:25:55,8,30.4601151075
78650,1500,701,734,442,2008-02-25 20:19:04,323,30.0516379451
78672,1500,64,614,25,2008-08-12 17:50:35,11,30.1097503286
78780,1500,15,388,2,2008-04-01 09:27:35,3,31.0503901579
79025,1500,10,310,1,2008-05-08 00:06:32,1,28.3060453321
79313,1500,24,525,6,2008-12-22 02:02:11,3,28.5776433093
79386,1500,23,769,9,2008-12-21 21:16:11,4,30.0139795634
79434,1500,87,656,27,2009-03-17 21:06:26,4,29.5857701432
79455,1500,25,636,5,2008-10-09 14:43:36,5,29.3587160264
79562,1500,1118,911,795,2009-05-30 09:23:22,623,32.9952684727
79599,1500,1142,920,797,2009-01-06 15:36:56,145,31.7329371673
79907,1500,45,638,17,2008-12-11 21:03:50,25,29.7891729572
80306,1500,27,704,11,2009-03-12 19:31:18,3,27.8935232738
80383,1500,13,336,4,2008-09-17 18:44:52,6,27.8844287482
80390,1500,325,570,146,2008-10-09 12:55:33,21,29.9682962038
80416,1500,39,938,21,2008-10-04 01:55:19,8,33.7570320589
80425,1500,70,520,28,2008-05-02 06:18:21,4,30.3722700316
80463,1500,9,740,3,2008-10-20 01:51:56,2,31.9455707494
80794,1500,34,249,9,2008-06-28 14:16:57,2,28.3375970548
80869,1500,8,443,3,2008-04-12 03:47:36,1,29.3828234713
80916,1500,48,799,14,2007-12-03 01:14:53,1,30.6348094122
81046,1500,458,667,187,2008-01-21 16:25:16,57,30.7804974614
81098,1500,100,707,40,2008-04-25 13:23:07,3,31.049727061
81148,1500,208,624,95,2008-11-25 04:09:55,27,30.6450810903
81403,1500,6,407,1,2008-06-26 09:01:47,1,30.0101724704
81409,1500,1,931,1,2008-10-12 05:51:12,1,31.3590113684
81662,1500,10,823,3,2007-11-12 05:07:24,1,31.5358038237
81870,1500,595,838,404,2008-06-25 16:29:24,260,33.11733627
81882,1500,339,614,162,2009-04-05 19:01:23,207,30.7799829233
82138,1500,34,692,18,2008-09-23 11:16:05,10,32.452113175
82223,1500,3,558,0,2008-06-22 14:32:14,1,29.0054516572
82277,1500,360,631,181,2009-06-13 00:14:53,175,29.9967849927
83124,1500,1262,812,734,2008-12-07 19:17:10,78,32.3179944107
83273,1500,155,405,76,2008-01-10 23:57:44,18,31.1858346926
83379,1500,161,559,80,2008-12-19 13:58:29,82,31.2620959472
83678,1500,110,461,40,2009-07-08 00:49:31,5,31.2490715287
83899,1500,831,1120,602,2008-08-15 13:16:19,234,33.7302806139
84070,1500,135,575,46,2009-05-05 19:40:35,14,30.8225941965
84206,1500,335,517,92,2008-11-02 04:50:57,6,29.2846025987
84296,1500,100,460,53,2008-05-28 21:02:03,12,28.5736936885
84641,1500,50,789,21,2008-07-15 06:56:02,4,29.9733065559
84676,1500,525,614,275,2008-01-26 06:26:47,182,31.2069700368
84908,1500,95,572,47,2008-05-02 17:16:13,25,31.8294801263
85057,1500,71,420,29,2008-03-29 01:26:25,6,29.2936551288
85418,1500,505,522,241,2008-11-05 11:24:22,110,30.5122154272
85418,1500,505,522,241,2008-11-05 11:24:22,110,30.4488687353
85745,1500,851,793,535,2007-11-06 01:08:51,168,32.8174439166
85955,1500,34,512,9,2008-12-08 15:46:25,2,28.2292708597
86045,1500,62,699,28,2009-02-23 06:43:28,3,30.5582907956
87340,1500,613,412,166,2008-03-14 21:01:44,17,28.5936077937
87595,1500,56,478,20,2009-01-08 00:12:45,13,29.5366100512
87684,1500,89,375,38,2008-08-29 21:06:24,2,30.5739547337
88139,1500,42,676,23,2008-01-08 19:10:29,34,31.9161481536
88573,1500,100,571,31,2008-01-09 15:39:43,2,30.8573431327
88822,1500,91,676,31,2008-12-08 15:49:33,5,31.945365778
89157,1500,1108,935,776,2008-08-08 18:46:57,329,32.6081272592
89294,1500,11,719,3,2008-01-22 00:58:06,2,33.4728765631
89666,1500,167,483,78,2009-04-17 12:58:08,72,30.6046238712
89710,1500,503,850,296,2007-12-08 14:55:07,22,32.1473992408
89772,1500,219,412,89,2007-12-26 20:15:18,72,30.7046314429
90233,1500,169,495,69,2008-01-26 00:46:17,14,31.0276376254
90251,1500,167,677,99,2007-11-14 00:46:46,19,30.7050941851
90375,1500,173,665,75,2008-12-22 00:00:34,100,30.1030218035
90400,1500,433,830,332,2008-04-05 18:29:12,242,27.43649468
90407,1500,208,750,113,2008-10-19 17:54:46,103,31.6757078764
90451,1500,470,385,160,2008-06-16 18:18:02,50,28.6748230529
90598,1500,858,372,295,2008-11-16 14:28:05,16,28.5930073391
90608,1500,8,834,5,2009-01-19 21:57:19,2,30.6192716814
91183,1500,9,903,3,2009-06-17 17:54:35,5,33.0392883822
91419,1500,66,670,25,2008-07-16 19:42:37,18,30.4652002404
91459,1500,48,593,20,2008-05-04 20:27:48,8,31.937590534
91477,1500,499,508,218,2008-02-04 17:05:25,68,28.5012418285
91677,1500,346,586,129,2007-12-18 04:29:56,112,31.0641022083
91704,1500,657,668,417,2008-03-21 04:12:11,323,29.5050768829
91790,1500,13,667,5,2007-12-07 08:36:14,2,30.5405146006
91810,1500,34,616,11,2008-02-17 12:47:07,11,29.2858042857
92171,1500,372,391,167,2008-09-15 07:22:53,363,28.820047363
92185,1500,18,618,9,2009-04-08 12:01:20,6,28.8352648371
92248,1500,55,450,19,2008-03-11 15:22:36,2,30.5787740546
92750,1500,442,631,200,2009-02-23 23:38:14,367,29.4514407554
92858,1500,82,577,34,2009-02-20 20:05:57,19,29.1167798264
92988,1500,12,416,5,2008-04-08 14:42:21,2,30.6376132499
93161,1500,37,771,15,2007-12-30 07:40:04,12,34.9319907834
93246,1500,55,577,28,2008-04-16 12:53:14,26,27.2587569729
93434,1500,19,650,12,2008-07-02 16:01:45,7,31.3503939154
93503,1500,105,799,52,2008-01-17 02:51:55,5,30.8477552572
93883,1500,4,638,0,2008-07-28 20:00:55,1,30.0583646486
93929,1500,131,404,75,2008-07-05 22:02:18,114,28.863924082
93977,1500,30,460,8,2008-05-09 13:40:56,2,27.8322735275
94182,1500,388,566,173,2009-01-29 08:58:09,339,29.9959756561
94204,1500,304,513,109,2007-12-15 16:21:02,59,29.19188918
94380,1500,180,521,79,2008-03-10 19:23:37,9,31.5408698612
94382,1500,105,593,62,2009-01-04 18:30:14,6,31.7828057822
95076,1500,104,771,50,2008-05-07 11:34:30,5,33.8514407581
95145,1500,520,675,220,2008-08-17 11:05:07,57,30.8435045647
95229,1500,9,386,3,2008-09-20 00:55:09,3,31.4958628017
95367,1500,25,678,6,2009-06-18 03:59:20,1,25.7228017913
95569,1500,20,758,7,2008-06-13 00:26:35,6,29.7751258217
95719,1500,253,303,59,2009-03-29 21:02:46,5,27.8799536704
95997,1500,104,499,25,2009-05-01 23:41:24,13,28.4839927997
96268,1500,10,651,4,2008-06-06 21:21:11,8,31.9305275243
96507,1500,95,378,28,2009-01-19 22:31:22,26,28.4569283847
96833,1500,373,404,136,2008-02-06 14:54:47,8,28.8719337062
96950,1500,3,929,1,2008-10-07 18:31:01,1,32.1265587292
97454,1500,177,811,102,2009-04-08 16:58:59,135,32.6379547004
97487,1500,9,396,2,2008-06-01 11:00:00,1,29.4055613765
97729,1500,794,626,380,2009-03-13 04:04:05,184,31.0302912769
97766,1500,5,352,1,2008-05-11 01:01:30,1,29.4026465521
98063,1500,114,637,51,2007-08-22 20:56:36,5,31.1865675498
98160,1500,232,945,165,2008-12-25 19:09:55,43,29.451939672
98184,1500,357,333,108,2009-04-27 15:35:51,246,29.0301133119
98188,1500,462,378,149,2009-02-23 17:53:39,240,30.0346110808
98576,1500,102,747,48,2007-11-05 23:26:02,46,33.4968651448
98583,1500,809,803,548,2009-02-15 17:33:48,39,30.8556613066
98768,1500,23,746,8,2009-05-03 19:05:14,2,30.2172213233
98769,1500,344,707,193,2008-08-01 18:26:13,55,30.9656929416
98829,1500,293,513,108,2008-04-07 16:52:13,18,30.610134785
98956,1500,8,736,4,2008-05-20 00:11:43,1,30.4784370985
99008,1500,387,717,243,2008-05-16 17:20:45,157,31.6465804377
99098,1500,269,422,92,2007-12-26 00:22:39,6,30.719271049
99219,1500,14,363,2,2009-07-02 14:38:53,2,30.6223474426
99400,1500,295,459,69,2008-12-16 18:31:29,13,28.9719372222
99404,1500,340,825,217,2007-12-14 16:55:48,41,32.1910529447
99452,1500,150,724,86,2008-02-13 19:42:46,16,30.749715044
99883,1500,1043,886,780,2009-06-01 11:36:35,360,33.4014015924
100136,1500,7,770,0,2008-03-17 06:51:03,1,31.070562491
100845,1500,267,355,96,2008-05-13 17:21:27,16,30.2023990826
100880,1500,165,676,99,2008-07-15 02:40:44,24,31.415020617
101070,1500,5,517,1,2009-07-09 05:01:36,1,27.818692272
101341,1500,142,325,46,2008-09-14 01:38:21,100,28.7974108685
101482,1500,214,472,69,2008-10-11 22:06:44,195,31.0029577844
101633,1500,43,531,23,2008-08-11 19:45:35,3,30.265510793
101734,1500,583,493,263,2008-11-21 19:42:54,102,30.9198958911
101894,1500,111,595,67,2007-11-05 05:21:17,86,28.1791432538
101988,1500,144,607,53,2008-04-23 18:07:16,15,29.8923250005
102183,1500,262,730,143,2009-02-26 19:18:07,105,32.1081821642
102304,1500,685,838,494,2008-03-13 21:39:44,71,31.0068900732
102390,1500,906,776,628,2009-07-04 04:26:51,133,30.3624889031
102898,1500,4,798,0,2008-03-26 23:07:29,2,30.8606304911
102945,1500,120,509,46,2009-07-06 11:29:48,81,30.6283262601
103146,1500,19,729,7,2008-02-28 06:55:10,6,30.3111111387
103334,1500,276,587,66,2008-04-09 02:22:42,4,28.8468935844
103647,1500,100,414,39,2008-03-21 14:28:03,13,28.6666904244
103762,1500,41,562,15,2009-03-13 23:32:07,3,30.0728927264
103875,1500,29,574,9,2008-07-11 02:36:50,9,29.7382608516
103951,1500,21,718,10,2008-09-03 08:56:52,2,30.6403616199
104429,1500,46,349,23,2008-03-08 00:16:50,16,29.8290252176
104596,1500,35,605,7,2008-01-24 02:58:10,2,27.5334875628
104692,1500,6,576,1,2007-12-26 00:04:18,1,28.7054908735
104902,1500,127,903,64,2008-10-18 19:24:29,76,33.6086534438
104914,1500,5,760,1,2009-04-21 15:50:03,1,28.2042119927
105114,1500,18,447,10,2008-07-18 18:01:30,8,29.8787445041
105553,1500,217,313,57,2009-04-16 00:07:20,121,31.021305072
105600,1500,220,801,149,2008-10-14 00:31:51,43,32.3600287629
105660,1500,685,941,629,2008-09-16 19:24:10,680,31.3267608875
105680,1500,238,627,118,2007-12-18 12:07:10,34,33.2631255122
105967,1500,10,650,3,2008-10-21 19:32:30,3,28.4798913889
106015,1500,282,489,112,2008-12-07 00:32:37,55,30.335121668
106081,1500,1268,872,773,2009-06-09 15:19:04,550,31.6826900169
106193,1500,35,447,12,2009-01-16 15:36:38,9,28.5378957574
106361,1500,100,460,41,2008-01-21 19:40:11,50,30.81026075
106515,1500,49,601,18,2007-12-22 15:27:03,2,29.2851085223
106649,1500,10,482,4,2008-07-10 11:33:32,1,28.4297960299
106789,1500,303,456,182,2008-12-05 20:06:16,28,29.9830820685
106878,1500,1,729,0,2008-10-23 19:57:41,1,29.9681510468
106951,1500,16,638,4,2008-10-13 15:22:53,1,22.5143748342
107025,1500,395,610,228,2008-04-23 06:17:22,58,29.4827601356
107643,1500,179,531,105,2009-03-04 03:49:41,19,29.3695678935
107701,1500,33,540,17,2008-02-02 06:27:26,10,30.4722160506
107919,1500,31,432,13,2008-03-17 16:57:35,23,32.3051830587
108333,1500,16,602,5,2009-01-23 21:10:23,1,28.0897140198
108449,1500,275,681,159,2008-05-03 19:41:23,92,34.1776963868
108524,1500,60,567,27,2008-05-15 14:32:30,3,29.3812260231
108664,1500,427,702,292,2008-02-07 00:22:29,22,30.9509933806
109247,1500,67,248,17,2009-01-25 18:28:48,3,29.3040217179
109258,1500,91,598,33,2008-04-01 23:25:13,14,31.1087810349
109746,1500,32,723,14,2008-09-23 21:32:07,14,29.1680979577
110019,1500,347,500,217,2008-10-13 18:02:05,128,30.5450627864
110462,1500,143,463,42,2008-03-12 12:19:54,25,30.6581080425
110564,1500,111,508,54,2008-05-26 13:46:23,19,31.1117557018
110886,1500,385,483,170,2008-08-05 16:13:03,8,30.2096980696
111245,1500,1098,879,759,2009-05-25 16:41:57,105,30.4975834891
111665,1500,27,248,10,2009-05-20 05:44:54,2,28.3920976841
111779,1500,88,718,35,2008-04-25 16:41:01,16,30.6168582026
112040,1500,163,533,56,2008-11-01 17:19:37,3,29.1976413731
112173,1500,91,527,40,2008-01-25 15:29:59,46,29.8243599892
112239,1500,340,356,105,2008-05-17 21:09:49,33,29.3142521558
112823,1500,25,571,10,2009-02-24 22:56:59,4,29.3438116239
112844,1500,29,551,12,2008-08-28 16:28:44,2,30.2785823642
112926,1500,38,484,12,2009-03-25 23:15:13,3,34.9579926563
112963,1500,100,668,60,2007-12-21 01:24:50,12,29.4105698057
113102,1500,61,711,39,2009-01-23 11:04:17,28,30.6321424464
113722,1500,254,745,130,2008-09-10 06:22:23,80,32.2455237938
113757,1500,114,543,44,2008-04-11 01:06:18,13,30.6138742196
113772,1500,878,683,453,2008-01-09 07:09:54,402,31.1202139955
113896,1500,134,377,39,2008-05-16 03:08:05,4,29.8639324799
114004,1500,11,908,6,2008-05-22 21:32:48,11,32.529257015
114041,1500,4,230,2,2008-04-30 21:14:44,1,28.8680265825
114179,1500,53,370,19,2008-10-05 00:21:51,5,31.7815194047
114195,1500,8,205,1,2008-02-26 00:10:27,1,29.3204153554
114527,1500,30,881,20,2008-05-24 13:04:17,21,31.5054882645
114613,1500,853,884,637,2008-11-23 05:56:30,34,30.4122527888
114929,1500,180,582,101,2009-05-16 04:02:51,8,30.8122189532
115011,1500,1,735,0,2009-01-08 20:28:20,1,30.1005422244
115160,1500,58,299,26,2009-05-18 02:46:06,6,30.1303069235
115271,1500,52,635,35,2008-03-22 18:47:39,25,31.9372087347
115282,1500,31,744,9,2007-11-15 14:52:43,5,29.7011563045
115728,1500,62,377,24,2009-05-31 04:24:49,5,29.0202671123
116173,1500,2,636,1,2008-08-01 02:51:17,1,27.7657140881
116201,1500,22,678,8,2008-07-27 14:39:25,1,30.1966575439
116300,1500,443,651,251,2008-05-28 22:02:19,49,31.0023429074
116408,1500,66,764,41,2009-01-28 23:24:29,6,32.1587000689
116529,1500,969,914,643,2008-07-27 22:44:11,96,32.9562992106
116672,1500,83,557,59,2009-05-24 06:16:43,69,30.6155099276
116815,1500,62,302,31,2009-03-30 10:38:00,11,28.3795325413
116881,1500,57,285,16,2008-02-14 15:39:24,3,27.1224336367
117225,1500,58,751,24,2008-12-18 07:36:10,45,35.4264654253
117263,1500,64,664,30,2007-12-23 14:34:25,20,30.4182471967
117348,1500,11,858,4,2009-04-02 00:21:30,1,32.4045551599
117403,1500,9,758,3,2008-11-27 14:03:13,2,31.2777636041
117572,1500,148,468,88,2009-02-18 18:59:10,25,30.8258700003
117753,1500,29,589,7,2009-06-19 02:07:55,27,28.9437381036
117955,1500,14,798,2,2009-03-10 19:43:35,1,30.8497493332
117996,1500,76,510,25,2009-02-06 17:21:20,13,28.0727043213
118193,1500,974,785,561,2008-02-25 17:01:08,485,31.1282399602
118229,1500,49,689,15,2008-03-09 12:50:17,3,29.58058256
118399,1500,538,774,326,2008-10-10 04:37:34,528,30.5245054089
118413,1500,3,337,2,2008-04-11 12:52:50,1,27.1126714819
118645,1500,873,654,461,2008-05-13 12:20:13,48,29.653598397
118742,1500,1068,926,755,2008-12-10 17:03:46,161,30.4738492201
118793,1500,142,739,46,2008-05-13 06:53:13,7,29.7969868159
119070,1500,16,382,5,2009-01-25 14:24:01,3,29.8937406276
119226,1500,73,669,45,2009-02-25 09:32:50,43,29.5286696349
119449,1500,516,593,336,2008-05-07 00:03:41,33,29.628050789
119871,1500,41,1006,17,2007-10-30 15:25:16,12,34.7299339683
120066,1500,4,358,0,2008-03-18 07:38:21,1,31.2115092079
120242,1500,53,652,39,2007-12-26 02:20:14,10,30.6751592517
120454,1500,185,538,91,2008-10-17 03:12:14,31,30.9173079307
120700,1500,189,980,130,2008-07-22 01:44:01,112,32.3864583596
121171,1500,93,781,53,2008-05-26 13:29:23,8,34.2896146064
121267,1500,296,514,144,2009-05-12 05:04:31,187,30.3228310948
121367,1500,26,187,3,2008-02-15 18:10:33,2,28.7956640629
121790,1500,137,638,63,2008-02-26 14:22:02,11,30.8710061751
121860,1500,77,612,31,2008-09-08 16:33:46,20,31.7240749967
122963,1500,111,796,40,2008-07-30 20:27:52,2,31.432565262
123256,1500,35,721,15,2008-09-25 19:33:42,14,31.493710003
123517,1500,119,370,36,2008-04-20 01:42:58,4,28.5584726283
123560,1500,22,728,11,2008-03-22 00:04:10,3,30.6531501257
123854,1500,41,544,14,2008-07-08 08:11:14,3,29.6834204774
124126,1500,18,503,4,2008-11-11 22:47:54,2,29.5318324668
124186,1500,74,530,39,2008-01-12 23:51:24,28,30.6405024317
124319,1500,156,509,91,2008-04-21 21:50:49,39,30.6427200615
124383,1500,14,798,6,2009-01-15 11:45:12,5,30.631584356
124386,1500,79,776,31,2009-05-25 12:16:06,4,30.4066782681
124425,1500,69,365,25,2009-01-15 13:34:01,30,30.5573902144
124556,1500,5,843,1,2009-02-19 23:46:53,1,28.0940326421
124569,1500,115,753,51,2008-06-30 23:04:09,105,29.9909882708
124665,1500,344,480,280,2008-12-01 15:40:10,185,29.5730120543
124723,1500,7,332,1,2008-09-17 12:09:29,3,30.2450663733
124942,1500,207,464,101,2009-05-15 16:39:23,188,30.5624407263
124998,1500,240,395,78,2009-04-20 20:57:46,10,29.5031517256
125116,1500,109,530,55,2008-09-13 19:20:21,76,29.9887175992
125244,1500,198,690,112,2008-07-15 21:11:03,172,31.0402750705
125370,1500,2,778,0,2009-02-16 11:56:41,2,30.6347496209
125383,1500,119,995,87,2008-05-08 20:16:34,6,32.4225436972
125616,1500,135,581,34,2009-05-28 22:57:00,4,27.7736421086
125731,1500,248,730,129,2007-11-28 20:28:19,7,30.824966149
126286,1500,17,811,6,2008-09-01 04:17:51,1,32.328584627
126360,1500,4,697,0,2008-01-04 12:13:11,1,29.7781623984
126814,1500,11,351,4,2008-06-18 18:19:31,1,29.0208232813
126889,1500,115,572,64,2008-05-17 02:39:02,35,31.4398555093
127259,1500,36,455,7,2008-04-26 14:56:43,4,30.1713260043
127326,1500,20,519,4,2008-05-02 17:21:31,1,30.4220942737
127328,1500,64,426,16,2008-05-13 01:01:55,12,29.9484365169
127834,1500,11,538,5,2008-02-13 03:58:45,1,28.0813479686
127932,1500,477,598,210,2009-01-30 21:38:12,22,29.5766354659
127942,1500,15,337,11,2008-10-06 02:17:11,12,29.9192337217
127979,1500,37,263,11,2008-06-08 20:59:43,2,29.9637607441
128113,1500,407,543,126,2009-03-23 12:06:57,14,30.6567748639
128460,1500,4,476,3,2009-05-23 23:27:58,3,31.7044240878
128773,1500,810,834,582,2008-08-27 05:55:39,705,30.7427277768
128853,1500,22,436,4,2008-10-08 21:58:07,4,28.5937416795
128869,1500,11,597,1,2008-12-06 08:40:45,2,31.0772858722
129431,1500,14,683,5,2007-11-30 17:03:34,2,28.4669450869
129676,1500,11,517,3,2008-12-04 04:41:03,1,30.9379851594
129844,1500,12,900,7,2008-07-27 23:33:57,8,32.4142937809
129949,1500,6,207,1,2008-04-07 20:52:46,2,29.9567045931
130064,1500,162,666,90,2008-03-24 02:56:34,33,31.2867366305
130316,1500,11,782,1,2008-03-06 21:44:19,2,31.7751582406
130399,1500,1028,854,689,2009-02-14 04:39:33,110,29.3177298636
130421,1500,28,599,8,2008-05-02 14:00:57,9,29.8142912187
130535,1500,57,685,32,2008-12-22 08:29:54,6,36.8499621319
130552,1500,38,480,25,2008-09-29 14:01:10,19,29.1546111974
130815,1500,16,730,4,2009-04-29 15:21:19,2,30.407209172
131059,1500,798,815,497,2008-11-17 19:52:43,184,34.0585321292
131128,1500,1304,1024,969,2008-11-24 08:45:42,70,32.5395626353
131147,1500,653,649,391,2009-04-22 03:15:32,488,30.658020698
131283,1500,40,659,18,2008-03-03 13:38:59,29,30.7872648073
131574,1500,27,721,8,2008-07-04 16:45:21,6,29.1786595128
131772,1500,23,686,8,2009-01-10 19:00:47,2,28.1473447589
131823,1500,6,816,3,2007-11-15 00:54:08,1,31.3399355818
131829,1500,517,669,276,2008-02-18 22:00:04,28,30.4503171692
132253,1500,134,451,61,2008-01-18 01:04:44,117,17.3519844045
132322,1500,39,681,18,2009-03-29 20:24:21,38,29.9412834973
132469,1500,68,557,47,2009-03-05 03:40:34,63,30.488515631
132486,1500,80,533,35,2008-07-01 10:20:15,2,30.7752595961
132603,1500,97,691,61,2008-07-08 16:59:22,66,32.2862479815
132855,1500,9,692,6,2008-11-23 11:13:20,7,31.6735166988
132885,1500,167,313,50,2009-05-30 17:20:20,8,29.124907675
132950,1500,146,584,65,2008-06-27 02:19:13,33,30.3552729947
133175,1500,2,790,1,2008-08-23 01:12:39,1,30.5638640475
133196,1500,14,655,6,2008-06-03 16:47:31,4,36.2117959188
133330,1500,13,594,7,2008-01-19 20:59:28,1,30.5162760912
133499,1500,38,695,14,2008-08-08 14:09:47,8,30.8939385609
133689,1500,93,446,17,2009-03-08 17:36:36,19,28.0327239578
133759,1500,4,662,0,2008-09-29 16:48:44,1,27.2266740199
133776,1500,1,811,0,2009-02-28 20:22:22,1,30.5863314558
133849,1500,647,846,405,2009-07-10 03:25:51,336,31.0530572286
133857,1500,87,610,52,2008-11-09 03:36:15,26,29.0244126209
134388,1500,275,449,108,2009-03-12 00:07:23,6,29.6083619451
134531,1500,230,581,136,2009-01-19 10:01:38,17,29.4707033991
134533,1500,61,413,25,2008-02-22 02:43:26,33,30.221972232
134565,1500,304,488,118,2009-02-01 22:22:06,68,29.4029273624
134673,1500,183,461,87,2008-08-07 02:59:13,5,30.5932463617
134770,1500,123,446,64,2008-08-01 08:33:02,31,31.9846463999
134864,1500,94,451,58,2008-08-19 21:11:21,66,28.7893073893
134875,1500,30,569,13,2008-05-19 09:22:43,9,30.0043148645
134880,1500,1266,1037,916,2008-09-10 01:08:25,154,31.4450812555
134947,1500,302,639,113,2008-07-28 20:07:44,15,31.3094227352
135037,1500,18,811,9,2008-05-07 05:54:33,1,31.7407549823
135040,1500,8,849,4,2008-11-12 14:42:11,1,32.1017455002
135339,1500,895,857,630,2008-10-14 00:33:56,821,29.3823848555
135483,1500,174,346,33,2008-01-04 01:26:07,6,29.9355068167
135535,1500,42,362,24,2009-03-04 11:06:51,11,33.5564778234
135563,1500,789,731,403,2008-09-01 18:00:42,87,29.7380622655
135607,1500,212,413,70,2008-08-22 02:00:03,6,29.6301669086
135632,1500,113,490,42,2008-03-30 22:37:13,4,29.2694587449
135666,1500,1374,1030,1001,2009-03-29 19:50:50,195,31.1483548518
135754,1500,127,443,49,2008-07-09 14:25:52,21,29.444874823
136034,1500,96,721,57,2009-07-10 01:57:57,7,29.6949199815
136039,1500,368,576,186,2009-03-16 04:04:49,228,30.1906873445
136176,1500,99,611,63,2009-02-27 20:22:47,19,30.5336726974
136349,1500,10,447,2,2008-05-18 23:52:48,2,26.1037096086
136650,1500,103,497,39,2008-06-09 00:50:33,28,28.437662046
136700,1500,26,300,9,2008-08-20 12:51:22,11,29.0285064969
136723,1500,88,439,33,2008-09-02 23:10:55,8,30.3298052282
136750,1500,36,399,14,2008-03-31 09:36:49,2,30.1225538892
136797,1500,4,599,2,2008-05-26 13:26:43,1,28.8282208023
136823,1500,9,696,3,2008-03-09 19:48:16,1,30.5666399241
136934,1500,6,259,2,2008-11-28 00:11:40,1,31.5496251144
137130,1500,64,801,37,2008-10-23 18:26:48,37,35.4755133359
137140,1500,225,608,123,2009-01-18 19:26:42,152,31.2747800029
137165,1500,142,541,54,2008-10-07 14:07:25,4,27.9533748319
137210,1500,62,640,21,2008-09-04 20:25:51,38,28.6653225333
137731,1500,51,599,25,2008-03-24 13:39:00,9,28.9832190589
137786,1500,5,604,5,2008-09-17 22:19:21,2,29.2907120513
138055,1500,7,509,4,2009-05-14 13:00:01,3,29.690924992
138323,1500,8,688,4,2008-06-12 22:07:36,6,29.7274313137
138369,1500,22,690,11,2008-01-25 17:35:48,2,30.1261949168
138420,1500,440,545,133,2009-05-07 14:39:18,430,30.3444772701
138457,1500,211,420,51,2008-02-01 22:20:18,6,29.1061968083
138695,1500,728,663,387,2008-09-06 03:26:28,32,29.9451459491
138812,1500,330,909,231,2009-06-26 16:50:40,70,30.7954635363
138986,1500,244,825,159,2008-06-26 16:06:17,75,32.2888563164
139124,1500,567,312,125,2009-04-06 02:47:37,35,29.5543127073
139159,1500,13,508,1,2008-01-06 18:52:34,1,29.8386714233
139262,1500,164,765,114,2008-07-25 15:48:40,44,31.056458851
139336,1500,6,637,3,2009-04-03 17:32:53,5,29.448181396
139786,1500,13,632,4,2008-10-22 12:47:15,2,30.1633952249
140031,1500,72,270,33,2008-10-21 18:45:50,11,30.0914505474
140047,1500,6,481,2,2008-06-26 14:36:54,1,29.9818795391
140114,1500,46,492,11,2008-01-22 01:08:57,2,30.0106065014
140301,1500,51,673,22,2008-09-19 17:49:31,2,30.4689892778
140432,1500,75,593,29,2008-10-16 04:57:25,2,29.1612074964
140975,1500,28,906,9,2008-07-09 22:10:52,1,32.0910095403
140980,1500,265,628,153,2009-05-14 10:06:07,82,30.8462615997
141285,1500,45,451,20,2009-03-12 20:01:48,14,28.5206732676
141752,1500,101,395,34,2008-05-06 19:45:22,34,29.3849202866
141797,1500,88,571,36,2008-06-28 19:46:26,69,30.4850611154
142051,1500,66,604,23,2009-04-25 14:55:27,5,29.4279277902
142504,1500,19,599,5,2008-12-21 14:03:08,2,32.0991553979
142607,1500,71,472,30,2008-04-07 14:39:18,6,28.7365426767
142622,1500,214,602,145,2008-10-09 19:40:18,60,30.8064076147
142717,1500,553,408,194,2008-06-14 11:25:33,25,29.4142384302
143048,1500,11,480,4,2008-04-09 23:56:02,2,30.5805689205
143077,1500,65,727,34,2009-05-18 00:00:46,17,30.6621938617
143311,1500,218,336,73,2008-10-25 06:20:18,42,29.3908661887
143911,1500,220,790,133,2008-07-06 18:23:58,11,29.7131683094
143972,1500,271,393,88,2008-01-24 16:03:38,7,29.1936429291
144020,1500,264,774,180,2008-01-29 11:21:12,108,31.3555926306
144146,1500,654,544,245,2009-06-15 00:22:02,52,29.9748343704
144354,1500,11,302,3,2008-01-22 19:27:47,1,24.9776158155
144437,1500,2,314,0,2008-04-14 20:53:42,1,29.2033480379
144490,1500,1399,1015,994,2008-11-01 16:48:29,101,32.4986065926
144493,1500,4,764,2,2008-08-21 08:35:47,2,29.9505643291
144690,1500,68,566,24,2009-06-08 02:20:41,7,28.6798376264
144978,1500,144,540,43,2008-06-23 14:59:09,3,29.2984074039
145147,1500,123,450,35,2008-05-07 21:54:13,3,30.22487003
145239,1500,301,750,201,2008-06-12 07:16:48,25,30.7034085819
145258,1500,70,620,28,2008-10-29 07:00:30,37,28.5810881627
145384,1500,128,764,81,2009-05-09 08:48:10,7,29.3148145815
145601,1500,675,465,326,2009-03-02 20:49:04,53,28.875870042
145668,1500,16,205,7,2008-08-18 19:26:10,14,28.7719483684
145675,1500,3,259,1,2008-08-21 22:56:19,1,29.6698212981
145767,1500,872,910,605,2008-10-02 03:01:58,91,32.1584589115
146066,1500,527,497,304,2008-08-06 09:09:56,77,30.5861137671
146094,1500,20,791,8,2008-09-30 03:19:22,12,28.9794437158
146134,1500,299,742,156,2008-12-09 08:44:46,8,30.5107433939
146227,1500,240,647,119,2007-12-31 07:46:10,12,30.8833636921
146236,1500,177,469,73,2008-12-14 03:57:22,20,31.6972731202
146295,1500,20,775,5,2008-07-31 02:01:14,6,29.679806968
146679,1500,30,407,10,2009-03-02 05:51:18,9,29.3360048108
146693,1500,1262,1175,1023,2009-05-12 22:51:56,303,32.9431108947
146745,1500,20,479,4,2008-10-13 22:05:30,2,31.2387913864
146879,1500,11,451,7,2008-05-11 01:31:29,9,31.4074892971
147011,1500,34,433,12,2009-05-14 21:50:44,2,28.9512213215
147089,1500,137,360,65,2008-04-22 11:01:24,12,31.2243038595
147233,1500,199,887,127,2008-03-24 14:02:02,105,32.2830008271
147260,1500,674,534,349,2009-01-09 23:39:21,86,30.7748156027
147391,1500,25,548,10,2008-11-29 16:50:17,2,29.3840237696
147657,1500,257,432,127,2008-09-07 04:54:23,10,28.9068586954
147807,1500,13,586,5,2008-05-25 11:09:41,4,30.6871054662
147812,1500,292,604,181,2008-06-16 15:30:13,88,31.0928492192
147841,1500,130,715,70,2008-09-20 09:20:09,30,28.6120969975
148003,1500,91,586,24,2008-04-03 14:20:49,2,28.4569847569
148504,1500,20,457,9,2008-10-19 18:34:37,8,30.4858951242
148529,1500,430,438,166,2009-05-18 16:59:45,255,28.7296100779
148552,1500,216,410,131,2009-01-07 07:36:20,103,31.595979372
148616,1500,729,839,483,2009-03-26 09:08:08,241,31.7159995063
148642,1500,502,569,369,2008-12-02 03:05:35,71,33.6158067544
148649,1500,129,402,47,2008-04-02 15:13:04,15,30.4936646729
148674,1500,531,702,290,2009-05-12 21:55:52,337,31.3571959567
148709,1500,92,567,49,2008-09-25 23:34:54,4,27.210064276
149247,1500,123,353,58,2008-12-18 20:26:03,41,29.6022882752
149296,1500,103,522,34,2008-11-13 13:54:16,5,26.4610711192
149308,1500,10,333,2,2008-04-10 21:28:04,1,30.2999420586
149394,1500,373,532,173,2009-05-17 02:02:48,77,30.8955376785
149396,1500,4,353,0,2008-08-30 07:59:54,2,28.9919288671
149421,1500,353,936,240,2008-10-24 04:45:47,235,35.5849499495
149665,1500,223,408,110,2008-09-27 18:12:56,44,30.1475382889
149990,1500,53,320,24,2008-04-30 03:16:57,6,30.5511721462
150228,1500,50,511,16,2009-02-24 14:27:01,3,26.4646981481
150271,1500,125,647,71,2008-10-27 15:47:49,12,32.1315374556
150321,1500,182,693,104,2008-10-25 04:59:05,21,32.999226757
150486,1500,340,343,126,2009-01-13 15:19:33,15,28.9672226866
150520,1500,107,426,14,2008-10-09 15:49:54,7,28.36764636
151138,1500,619,627,382,2008-09-06 19:51:25,56,31.030356838
151254,1500,259,572,139,2008-03-23 21:24:34,64,31.2039303561
151502,1500,7,370,1,2008-04-15 19:58:07,1,29.9040655657
151512,1500,11,492,5,2009-04-13 16:04:33,1,30.4238223065
151673,1500,132,580,83,2008-04-10 21:33:31,24,30.5139600448
151802,1500,9,553,0,2008-01-22 03:43:38,1,30.3770867504
151809,1500,97,317,28,2008-07-29 21:13:16,23,27.6885630535
151940,1500,15,621,5,2008-06-29 15:11:50,4,31.5124252047
152061,1500,183,629,80,2008-07-26 21:15:46,17,30.1910994932
152221,1500,51,656,10,2009-01-21 23:59:36,2,28.187586345
152652,1500,171,595,92,2008-08-28 16:31:53,21,24.8822165329
152652,1500,171,595,92,2008-08-28 16:31:53,21,24.9162473633
152669,1500,77,421,28,2008-08-05 12:49:42,41,31.5285855054
152672,1500,42,514,28,2008-04-30 01:53:01,31,30.7021863495
152684,1500,25,748,17,2008-10-15 22:52:11,17,31.1597466423
152685,1500,607,698,430,2009-04-04 23:39:28,152,31.2374904162
152811,1500,14,724,5,2008-04-13 17:47:28,13,27.8560823408
153038,1500,54,251,7,2008-07-20 15:03:22,2,27.1035931494
153340,1500,28,715,14,2008-11-04 06:04:36,1,29.5834476013
153391,1500,2,300,0,2008-09-22 11:56:32,1,30.9749120402
153442,1500,1319,811,757,2008-05-21 04:58:58,113,30.4537074028
153473,1500,182,529,38,2008-07-16 20:53:30,13,29.2641915249
153518,1500,654,593,302,2009-01-11 20:03:22,52,30.4646500771
153649,1500,75,254,16,2008-06-03 18:45:37,4,28.9678381198
154460,1500,22,809,7,2008-12-18 07:16:09,2,29.9985324866
154981,1500,648,707,392,2008-10-12 01:14:20,81,31.2255735123
155041,1500,86,594,35,2009-02-17 14:33:26,4,27.9196927401
155066,1500,91,674,60,2009-05-10 13:06:51,12,33.2789837668
155070,1500,96,474,41,2008-05-13 06:47:05,36,30.658652932
155335,1500,3,383,0,2008-04-28 15:11:54,1,28.283427043
155345,1500,356,365,96,2009-02-17 03:29:13,8,28.8794013422
155799,1500,18,413,2,2009-01-09 12:30:01,5,30.4617533867
156015,1500,109,582,59,2008-10-29 13:16:48,52,29.6003639633
156196,1500,66,709,26,2008-07-25 00:34:17,2,36.5828206555
156278,1500,57,745,24,2009-04-27 20:12:36,24,30.6901507224
156296,1500,20,372,4,2008-04-21 19:26:01,4,30.1530011379
156699,1500,20,419,5,2008-04-18 16:45:15,3,30.4011911676
156723,1500,465,576,197,2008-08-29 16:41:27,28,29.7178775243
156925,1500,7,828,4,2009-02-19 14:22:09,1,31.1143985292
157036,1500,6,674,2,2009-01-15 20:09:47,3,31.4515845095
157073,1500,273,486,192,2009-04-26 17:50:15,16,30.9325226289
157127,1500,110,287,43,2008-05-11 23:43:16,9,29.1841517557
157318,1500,41,511,22,2009-01-19 05:38:01,18,28.960155894
157382,1500,52,607,28,2008-11-20 10:24:41,25,30.622483285
157412,1500,163,821,80,2009-02-22 05:55:12,119,33.4173401005
157524,1500,78,575,40,2009-05-01 18:22:37,7,29.6030389821
157623,1500,1383,1019,985,2009-01-04 23:25:20,176,33.8891327992
157816,1500,602,719,324,2009-04-10 21:36:10,268,30.9364322408
157960,1500,75,633,19,2009-02-17 03:22:43,42,30.9361341057
157960,1500,75,633,19,2009-02-17 03:22:43,42,31.0245126096
158008,1500,106,732,46,2009-01-02 16:53:09,22,29.4461837744
158050,1500,71,382,32,2008-05-24 17:06:54,13,29.6744847209
158468,1500,13,356,3,2009-03-27 02:07:39,2,28.5806587582
158558,1500,361,659,188,2008-05-04 01:07:45,135,30.3401018953
158847,1500,45,724,19,2009-06-03 16:19:29,21,30.9015644022
159156,1500,14,481,6,2009-02-13 14:42:44,1,28.6489147231
159161,1500,167,652,95,2009-04-02 03:01:38,65,31.3174864441
159375,1500,337,332,121,2008-05-22 00:31:17,11,29.4829909565
159395,1500,12,984,10,2008-09-13 20:23:53,4,33.6974744586
159505,1500,35,340,18,2009-06-26 12:43:16,21,29.3330304127
159951,1500,1330,1038,990,2008-10-18 12:33:31,99,33.2719552324
160018,1500,5,352,2,2008-12-11 21:37:54,1,28.8811857307
160245,1500,84,617,53,2008-12-14 03:52:56,52,32.3695746427
160269,1500,146,514,92,2008-02-17 22:37:52,13,32.2506967412
160311,1500,182,457,98,2008-10-28 00:45:15,18,30.6155459881
160358,1500,1,472,0,2008-04-21 00:20:18,1,29.1956581488
160527,1500,60,403,22,2009-06-28 21:19:51,44,31.0602725843
160547,1500,60,824,34,2008-11-22 14:46:58,12,40.3509007602
160653,1500,19,275,10,2008-10-25 08:25:29,6,30.020195646
160757,1500,252,390,106,2009-02-24 20:45:49,21,30.2512002162
160920,1500,23,540,16,2008-10-13 21:20:42,16,31.6056611943
161085,1500,72,563,28,2008-01-25 21:40:40,5,31.3285400219
161297,1500,85,803,39,2009-01-08 15:26:16,12,32.3025098296
161480,1500,5,819,1,2008-08-24 03:17:50,1,30.5340259062
161511,1500,9,669,4,2008-04-02 03:31:51,2,28.9086936119
161529,1500,9,332,4,2009-03-22 19:53:40,5,28.4488949164
161750,1500,17,424,4,2008-09-12 23:59:53,2,29.1310370961
161911,1500,28,520,10,2009-07-05 16:07:07,2,30.6150732392
161916,1500,216,553,105,2008-07-28 12:15:22,85,29.4660891496
162289,1500,16,395,3,2008-09-09 15:32:51,2,30.8838494972
162360,1500,95,713,41,2009-01-03 23:29:55,72,31.044055481
162538,1500,1,898,0,2009-03-14 21:00:01,1,31.1538283775
162549,1500,286,788,141,2009-06-14 19:53:11,147,32.7869601375
162812,1500,27,602,6,2008-03-31 23:14:06,4,27.5278560261
163008,1500,69,634,23,2008-05-25 14:20:45,2,30.9645141523
163196,1500,1323,496,458,2009-03-22 23:57:17,19,28.0341944526
163220,1500,10,433,2,2008-11-27 02:59:09,1,30.6412144259
163340,1500,54,519,16,2008-05-27 19:41:05,14,29.6386247027
163676,1500,81,509,28,2009-01-03 22:45:09,4,30.0169468643
163690,1500,1234,901,844,2009-03-01 02:38:09,61,30.2629821823
163799,1500,21,407,9,2008-08-07 14:20:24,13,27.8051651715
164019,1500,10,307,3,2009-06-22 02:42:14,2,29.2381092776
164119,1500,390,577,210,2008-09-11 07:56:23,220,30.9577897767
164512,1500,580,850,410,2009-01-20 01:02:51,53,33.0176230409
164682,1500,7,662,2,2008-08-18 09:50:06,1,31.8291675219
164724,1500,730,805,442,2009-07-06 07:50:16,256,33.4235896273
164913,1500,360,504,177,2008-09-18 04:53:25,45,30.9179903019
165335,1500,155,447,78,2008-11-16 17:37:19,41,29.3373640231
165869,1500,3,694,1,2008-05-20 00:40:59,1,29.4597228147
166346,1500,851,227,157,2008-07-27 03:48:13,79,29.0832774982
166351,1500,60,417,35,2008-10-08 21:06:37,34,28.2631485734
166605,1500,23,268,6,2008-10-20 16:24:00,4,28.7793106149
167067,1500,958,929,648,2009-06-30 18:34:15,116,33.202926557
167503,1500,79,485,50,2009-01-08 06:08:50,13,29.0192501668
167818,1500,51,428,30,2008-03-18 23:04:25,11,23.7798576098
168320,1500,79,414,37,2008-07-15 17:16:48,6,31.6372549787
168681,1500,43,555,17,2008-08-30 11:35:51,4,29.1945387411
168720,1500,307,708,199,2008-07-04 17:45:43,242,30.0383329868
168720,1500,307,708,199,2008-07-04 17:45:43,242,29.9270251188
168929,1500,535,450,168,2009-07-02 18:43:20,224,27.9103834037
168970,1500,889,863,683,2009-04-10 01:10:45,80,31.3346220001
168973,1500,67,691,30,2009-03-21 18:04:10,20,30.038318679
169272,1500,47,655,25,2008-08-12 00:33:49,2,33.3917508497
169273,1500,2,501,0,2008-12-07 05:57:29,2,30.3780127753
169465,1500,5,473,2,2008-11-13 13:16:38,5,32.1122369714
169894,1500,221,294,69,2008-12-27 22:09:06,57,29.5286908637
169984,1500,183,507,73,2008-11-02 14:24:40,7,30.2545577387
170218,1500,284,750,172,2008-12-16 20:51:49,47,30.731236393
170564,1500,193,675,108,2008-10-23 22:21:29,39,30.3244989233
170634,1500,317,447,150,2008-09-30 20:59:48,93,30.9418630995
170795,1500,284,394,96,2008-09-12 08:51:16,267,28.7685866228
171107,1500,7,416,3,2008-09-22 17:02:05,1,29.666191168
171259,1500,141,464,39,2009-02-04 09:53:52,71,28.945162275
171504,1500,56,652,26,2009-06-08 19:59:46,29,30.2442488157
171806,1500,3,236,0,2009-02-05 08:41:49,1,27.8408325847
171844,1500,640,630,318,2009-06-15 14:24:24,168,32.2877497328
172302,1500,139,588,58,2009-01-31 05:08:16,10,29.7951892956
172307,1500,2,693,1,2008-08-15 18:49:12,1,29.7853470946
172391,1500,791,810,590,2009-03-14 02:13:19,87,29.544573161
172578,1500,21,345,4,2008-07-15 19:35:59,1,29.3560067559
172899,1500,13,162,3,2009-03-21 16:17:19,1,29.1086563371
173233,1500,350,1121,254,2008-09-04 22:02:43,243,34.0919181474
173289,1500,15,211,6,2008-05-09 11:22:02,3,28.8618229731
173468,1500,322,297,82,2008-05-26 17:14:45,53,29.2677579823
173764,1500,143,376,45,2008-05-08 12:36:36,17,29.6073033719
173975,1500,856,818,649,2009-01-05 18:48:00,104,33.3608486756
174113,1500,29,308,14,2008-09-02 12:27:46,5,30.0256061162
174253,1500,385,271,100,2008-12-10 11:41:28,5,28.2811995276
174344,1500,69,440,35,2008-10-17 22:46:14,13,29.8764757266
174420,1500,302,287,86,2009-01-05 21:53:06,14,29.8026084131
174577,1500,122,631,53,2008-09-04 10:56:25,6,31.3596591914
175003,1500,171,626,58,2008-04-25 16:28:22,6,28.7168310046
175186,1500,492,715,292,2008-11-07 14:19:20,251,31.13934289
175324,1500,11,309,2,2008-12-09 07:29:18,2,25.292039449
175618,1500,483,416,183,2009-06-05 17:41:24,30,29.7812172843
175648,1500,612,643,378,2009-05-02 07:33:05,338,31.6300637514
175679,1500,369,704,205,2009-05-16 21:21:08,174,29.7276023918
176170,1500,30,773,14,2009-06-12 14:48:14,8,29.9191343044
176218,1500,33,591,8,2009-01-17 01:05:29,3,29.6786576546
176289,1500,2,148,1,2009-03-28 20:41:41,1,29.3738337052
176464,1500,229,497,139,2009-05-25 08:43:00,80,33.8063031515
176498,1500,121,532,45,2008-10-03 17:30:55,3,26.4686577683
176507,1500,99,487,37,2008-05-01 19:49:06,2,30.1756363456
176828,1500,2,669,0,2009-02-10 21:46:10,1,29.5461319514
176947,1500,26,683,13,2009-03-02 08:07:53,8,30.2591075717
177086,1500,39,406,15,2008-09-14 04:05:40,3,27.917001155
177234,1500,5,442,1,2009-06-07 06:48:30,1,29.9608307573
177265,1500,58,430,30,2008-05-05 13:36:55,21,30.1209769366
177269,1500,54,564,21,2008-10-25 19:00:57,6,30.6065897995
177451,1500,1008,796,597,2009-02-26 23:41:35,863,32.2388789923
177666,1500,816,665,474,2009-02-09 02:25:07,770,31.8557404067
178129,1500,143,336,52,2009-01-28 22:56:10,12,29.1464634206
178226,1500,3,419,0,2008-12-06 04:50:03,1,28.4938325699
178249,1500,421,631,247,2008-09-03 01:38:05,213,31.857745128
178303,1500,1430,1071,1041,2009-02-02 01:47:15,258,31.0273049684
178870,1500,290,516,122,2009-03-19 23:25:47,152,29.0515471644
178890,1500,18,779,6,2009-05-11 16:59:48,3,31.7031021369
178915,1500,8,566,4,2009-01-10 01:48:03,2,28.237947146
178980,1500,84,649,33,2008-09-10 20:58:45,3,30.4925661421
179219,1500,168,330,45,2008-11-28 20:38:46,15,29.0819068189
179309,1500,46,854,33,2008-08-16 17:54:12,14,32.7582512416
179344,1500,189,719,116,2008-07-16 03:49:23,68,31.9025685345
179371,1500,21,468,5,2008-09-17 18:00:18,1,29.5981656626
179386,1500,113,267,41,2009-04-15 13:43:32,18,29.7933207716
179402,1500,3,846,0,2009-03-24 22:16:36,1,31.1230509244
179464,1500,238,373,98,2008-09-15 15:07:25,23,30.2310911097
179558,1500,118,375,83,2008-09-12 00:25:08,46,29.1758614883
180027,1500,152,389,45,2008-04-23 20:42:22,27,28.4715651959
180342,1500,272,450,117,2009-04-14 15:22:17,30,29.9700590627
180368,1500,60,586,29,2008-10-25 01:22:09,13,29.1462629019
180904,1500,110,280,13,2008-06-17 18:06:20,4,27.8514659396
180906,1500,27,377,9,2009-01-24 18:08:08,3,27.6458957602
180980,1500,3,498,0,2008-09-11 07:27:32,1,30.4527854569
181004,1500,209,628,118,2009-02-06 07:57:48,17,31.1539362034
181019,1500,63,370,40,2008-09-22 08:08:39,28,30.6391535707
181027,1500,661,791,472,2008-09-04 14:29:24,49,31.3948451144
181284,1500,1,193,1,2008-07-29 01:28:26,1,29.0744693374
181307,1500,25,413,9,2008-05-11 18:53:08,8,28.535167243
181399,1500,109,695,63,2009-05-03 03:16:59,52,30.3574481737
181472,1500,88,750,35,2008-10-07 23:47:48,2,29.8429423001
181989,1500,158,456,92,2009-07-09 02:26:21,150,29.163671773
182339,1500,139,538,43,2009-03-22 05:11:06,3,29.0658341347
182559,1500,430,921,294,2008-10-13 15:48:11,118,33.7078993301
182635,1500,117,542,57,2008-09-24 17:54:04,30,29.8026960628
182889,1500,1,756,1,2009-06-11 15:50:28,1,30.6018785221
183019,1500,7,629,5,2009-03-29 23:39:59,3,27.2497521652
183099,1500,5,264,2,2009-05-12 03:06:53,4,29.2996310041
183332,1500,137,630,47,2008-11-16 19:22:44,4,31.2733301719
183587,1500,8,397,5,2008-08-29 13:40:53,5,30.4229117624
183825,1500,56,291,13,2009-03-29 16:34:09,2,27.9147393437
183897,1500,355,469,157,2008-10-07 20:46:14,111,29.2876075596
184026,1500,31,421,8,2009-04-03 02:02:26,4,26.3733654797
184469,1500,193,768,97,2009-04-24 15:35:33,126,32.8900830082
184846,1500,69,529,17,2009-02-14 18:28:20,26,29.0269516872
184877,1500,31,539,15,2008-08-27 20:21:12,3,33.2294394541
185219,1500,22,589,9,2008-07-22 23:07:36,4,29.4410026945
185351,1500,445,753,262,2008-07-18 20:37:44,188,31.7004691114
185503,1500,120,533,43,2008-09-21 08:03:17,3,30.0374018343
185589,1500,75,397,25,2009-02-08 17:03:51,15,28.7604624947
185662,1500,61,389,19,2009-05-05 16:50:06,22,31.5588328341
185728,1500,14,789,7,2009-07-06 14:57:28,2,30.676733929
185731,1500,103,750,74,2009-04-29 04:04:03,12,31.726427569
185740,1500,504,853,316,2009-04-19 22:43:37,78,33.5303128269
185803,1500,16,467,4,2008-10-02 03:14:01,12,29.8795420047
186054,1500,20,561,10,2008-11-23 09:46:58,19,29.4690699685
186208,1500,292,974,221,2008-12-10 14:23:48,47,36.3888039306
186261,1500,514,539,273,2008-08-30 19:40:14,30,30.7667984271
186277,1500,11,797,6,2009-03-28 15:50:15,5,31.0988815605
186533,1500,584,359,193,2008-08-29 03:23:48,15,30.1779858704
186837,1500,252,331,91,2009-07-09 22:27:29,5,29.2388647812
186884,1500,152,708,41,2009-01-05 12:50:25,5,28.8294115736
187222,1500,157,316,44,2008-10-27 06:02:09,8,28.2308136987
187380,1500,77,441,34,2009-05-06 18:07:23,6,29.1326778249
187725,1500,70,784,20,2008-09-14 12:58:04,5,29.9581520062
187820,1500,12,501,3,2008-10-22 02:51:14,2,30.0356249347
187870,1500,359,652,191,2008-11-05 03:47:58,52,31.3340475726
187937,1500,16,745,3,2008-11-05 00:42:02,6,30.3247526705
188272,1500,10,637,4,2008-12-17 21:37:32,1,30.7770442348
188285,1500,7,391,3,2008-08-21 17:15:09,4,30.2374561497
188426,1500,79,493,29,2009-01-21 00:11:45,2,29.8227495236
188524,1500,182,446,89,2009-02-03 23:30:15,67,30.5627138855
188995,1500,90,751,51,2009-05-09 17:13:45,38,30.9271688603
189587,1500,40,757,17,2008-07-07 13:13:36,4,30.2233811633
190028,1500,39,321,12,2008-04-16 17:50:28,6,28.8484749421
190035,1500,38,465,22,2008-09-11 00:39:29,16,31.2301550772
190205,1500,178,636,25,2008-10-15 17:57:42,17,28.5386371952
190216,1500,50,555,14,2008-06-25 16:59:15,4,33.4828652076
190595,1500,16,525,5,2009-06-09 01:25:14,4,28.6786741612
190715,1500,28,484,5,2008-05-25 20:20:02,15,31.3590395539
190911,1500,112,485,61,2008-05-31 04:19:08,83,30.7184104899
191413,1500,40,478,15,2008-08-10 16:12:09,2,30.0106464609
191455,1500,7,645,0,2008-11-02 17:06:40,1,30.552823094
191590,1500,256,356,81,2009-01-17 04:05:01,5,30.1105575255
191761,1500,48,833,22,2009-02-03 19:34:02,17,32.1739447101
191841,1500,36,511,14,2009-01-19 01:17:32,6,30.7473471573
192055,1500,117,493,51,2009-04-24 10:04:34,36,32.1822888608
192065,1500,162,428,61,2009-05-11 20:17:03,17,29.5790897188
192281,1500,98,671,45,2009-06-18 20:57:23,22,31.8204125731
192282,1500,3,678,1,2009-05-26 16:04:18,1,28.8214440616
192443,1500,72,685,43,2009-02-14 11:45:43,14,32.6315967548
192455,1500,219,605,130,2009-04-01 05:35:48,75,32.2646863494
192570,1500,7,840,2,2009-06-15 17:28:52,1,31.7196278596
193108,1500,217,582,114,2008-07-15 09:25:59,47,29.7356453893
193299,1500,359,473,169,2009-01-08 20:18:38,23,30.1612897225
194085,1500,2,742,1,2009-02-06 19:34:03,2,32.560324089
194410,1500,559,728,374,2008-10-30 14:11:19,114,29.6609714211
194477,1500,358,650,228,2009-01-26 03:18:32,79,32.7686975308
194561,1500,156,729,61,2008-12-12 21:15:39,4,27.5221033271
194648,1500,355,740,203,2009-02-02 13:47:37,49,31.1968072567
194859,1500,10,687,3,2009-06-18 20:07:27,1,28.8978775002
195450,1500,74,718,32,2008-08-24 18:05:20,34,31.0545155622
195675,1500,2,421,0,2008-10-27 12:53:18,1,29.5453838277
195883,1500,179,630,97,2009-01-30 03:20:12,103,30.6902745336
196123,1500,63,574,27,2008-10-03 16:46:57,61,28.7323619442
196325,1500,72,647,46,2008-11-05 06:23:07,18,32.9291919999
196358,1500,1,681,0,2009-04-01 07:55:11,1,28.3349916462
197067,1500,42,705,24,2009-01-07 23:44:19,26,32.1529543587
197183,1500,42,774,19,2009-06-10 12:05:09,10,31.1056576109
197690,1500,10,542,2,2008-11-09 04:06:35,1,27.4415751319
198532,1500,274,424,136,2009-04-29 20:13:34,118,31.7597959015
198926,1500,29,420,11,2008-12-14 15:04:25,9,30.8500541176
199444,1500,258,572,101,2008-11-27 04:33:17,200,28.4092541244
199458,1500,207,480,82,2008-07-10 19:11:45,35,29.5171412938
199562,1500,1,881,1,2009-03-15 00:35:15,1,30.6311578373
199703,1500,102,599,29,2008-09-28 02:17:14,6,30.7168992261
199890,1500,34,588,8,2009-03-17 19:52:04,3,28.8919224433
200158,1500,13,356,9,2008-12-12 04:12:08,2,29.7415921136
200338,1500,202,719,107,2009-01-19 05:20:35,73,31.363397717
200571,1500,11,651,6,2009-04-02 03:48:34,1,30.7329443507
201001,1500,195,769,99,2008-10-28 07:03:47,33,30.8598425402
201341,1500,14,731,5,2008-08-14 20:42:58,2,31.9089923645
201944,1500,217,683,129,2008-09-08 19:11:09,32,30.1260449062
202310,1500,28,249,5,2009-05-29 09:09:16,8,28.108116993
202604,1500,124,742,47,2008-08-16 04:29:30,97,30.8667581619
203009,1500,34,840,14,2008-09-23 15:44:32,3,28.9299616931
203272,1500,72,408,21,2008-07-16 01:17:12,4,28.37726624
203717,1500,45,801,21,2009-04-24 08:56:03,20,31.2776858712
204248,1500,41,644,9,2008-08-05 00:47:11,3,32.3229139347
204382,1500,51,304,30,2009-04-06 21:41:42,9,30.8928374936
205322,1500,22,469,11,2008-07-22 21:03:50,2,31.0350955067
205720,1500,23,351,12,2008-08-31 05:05:44,1,29.2386196785
205738,1500,386,446,150,2009-02-03 16:34:44,273,28.7057424908
206020,1500,489,395,218,2008-08-05 06:43:35,32,29.8058218967
206108,1500,1,814,0,2009-01-18 16:50:38,1,33.6454956168
206270,1500,3,714,0,2009-06-05 14:36:03,1,30.2349849246
206460,1500,174,385,63,2009-04-22 18:43:25,4,29.4635275948
206602,1500,62,511,21,2009-02-17 03:08:42,17,31.5573058785
206708,1500,172,604,59,2009-01-14 01:29:16,8,29.9016278246
206996,1500,96,531,56,2009-01-25 21:03:02,88,31.3436507571
207198,1500,18,351,3,2008-12-13 21:33:38,5,29.2308340924
207414,1500,75,291,21,2008-09-12 16:23:57,18,30.4629586052
207442,1500,51,708,24,2009-01-02 18:39:37,28,29.7919675345
207563,1500,58,234,17,2009-05-23 19:14:23,3,28.6929855638
207876,1500,212,451,96,2009-04-22 07:41:34,75,30.6610862547
208225,1500,69,564,23,2008-10-14 18:16:27,39,30.8768355525
208935,1500,155,658,59,2008-12-12 06:26:23,7,29.551949559
209117,1500,15,712,5,2008-11-13 22:19:11,3,29.7819527964
209358,1500,13,166,5,2008-08-20 13:18:40,6,28.7929872841
209642,1500,1,737,1,2009-04-15 03:42:13,1,28.5443620674
209704,1500,161,395,54,2009-05-12 16:13:35,10,29.4463991183
210059,1500,142,601,67,2009-03-15 15:32:51,69,30.7030312377
210544,1500,156,636,87,2009-06-23 11:33:37,13,30.4346088053
210674,1500,8,292,1,2009-04-29 18:35:26,1,26.2554307793
210762,1500,699,800,483,2009-06-13 09:24:59,104,31.1621689981
210904,1500,54,285,16,2009-01-01 00:50:04,2,28.2612202993
211163,1500,84,525,45,2008-08-26 12:08:29,6,29.7672962741
212131,1500,287,436,98,2009-05-13 19:28:43,8,29.6328181239
212738,1500,198,696,139,2009-02-22 01:41:16,38,32.0109542926
212779,1500,190,837,113,2009-05-10 06:43:47,166,32.6023199522
213173,1500,26,324,9,2009-05-16 03:44:32,2,29.004166521
213657,1500,28,422,6,2008-09-02 01:35:52,2,29.8519077347
213673,1500,5,429,0,2009-06-06 03:59:38,1,31.4782326224
213909,1500,107,567,38,2008-11-08 23:35:03,21,29.4582530605
214328,1500,494,266,132,2008-12-27 13:15:11,15,29.9466694222
214554,1500,2,556,0,2009-06-25 14:40:34,1,29.9405429398
214767,1500,20,763,4,2008-10-25 06:06:20,4,31.096273642
215119,1500,250,526,138,2008-10-28 09:00:55,77,30.0990273873
216012,1500,434,488,190,2008-10-11 01:10:02,12,30.3121013523
216609,1500,7,425,2,2008-09-16 15:01:27,1,28.1061312246
216643,1500,15,611,7,2009-01-27 18:10:21,1,29.3496799628
216660,1500,76,547,26,2009-06-25 00:48:02,17,30.4571572171
217041,1500,3,708,0,2009-05-10 07:02:23,1,31.7407260243
217526,1500,202,547,76,2009-04-30 18:24:18,3,30.316690624
217865,1500,119,833,68,2008-09-28 23:24:54,6,32.0439496083
218341,1500,68,648,37,2008-08-26 18:18:54,36,29.9289045261
218387,1500,2,371,0,2009-06-08 23:40:32,2,30.4432642711
218451,1500,17,638,10,2009-05-02 18:14:29,1,29.4306844147
218718,1500,369,732,247,2009-04-14 18:45:55,24,31.5717210478
219736,1500,16,503,5,2009-03-09 03:32:06,2,31.3183094946
220642,1500,485,404,169,2009-06-08 02:11:31,223,26.4863206411
220643,1500,55,894,33,2009-06-06 23:30:37,24,31.7978353689
221186,1500,398,593,201,2009-05-05 08:04:49,94,30.83405451
221348,1500,236,623,107,2008-12-10 16:24:35,8,30.9044802049
221432,1500,4,414,2,2008-09-07 19:33:34,2,30.2372839631
221877,1500,9,746,2,2009-05-22 16:55:05,1,30.4411422729
221944,1500,10,442,4,2009-05-12 22:36:11,3,30.1797108492
222016,1500,124,587,64,2008-08-20 02:55:05,26,30.4918007287
222025,1500,20,391,7,2008-10-17 10:24:53,4,29.55266325
222235,1500,45,446,13,2009-01-23 05:14:11,4,30.4334651475
222263,1500,82,812,32,2008-11-13 03:39:47,13,31.9039575933
222267,1500,213,557,71,2009-06-27 02:13:00,23,30.0572211692
222779,1500,131,413,29,2009-03-26 14:01:20,3,27.5790866083
222825,1500,613,893,438,2009-06-12 05:07:06,48,30.4812447724
222943,1500,92,729,41,2008-09-24 19:11:38,2,30.7763156864
223023,1500,365,584,241,2009-04-18 15:40:10,27,30.6913510456
223528,1500,3,684,0,2009-07-04 16:06:03,1,30.4819037656
223833,1500,2,760,0,2008-11-29 14:04:37,1,31.1045334016
223947,1500,105,167,16,2009-02-13 13:36:35,7,27.0666419049
224022,1500,160,265,55,2009-03-15 01:24:31,125,30.4082564393
224082,1500,17,402,6,2008-09-19 07:01:52,1,29.2519495565
224698,1500,5,789,1,2008-12-11 02:38:16,1,31.3089003451
224778,1500,96,561,49,2009-02-25 00:30:08,13,28.956384781
225298,1500,57,564,22,2008-10-11 19:50:28,8,29.9316341497
225762,1500,105,341,48,2009-04-05 17:39:44,39,29.9329649881
225959,1500,34,262,9,2008-09-30 20:22:56,6,29.0544743257
226012,1500,48,543,26,2009-01-30 03:11:49,12,32.1798421266
226723,1500,138,250,54,2009-01-30 09:15:26,22,30.1539725186
227257,1500,22,682,12,2008-10-07 21:18:45,4,31.7713391373
227261,1500,8,223,4,2009-03-17 02:35:41,2,27.9232014257
227312,1500,169,529,73,2009-07-07 04:13:23,4,27.1356711937
227642,1500,3,367,0,2009-03-04 19:59:55,1,29.6796506914
228255,1500,208,614,94,2009-01-15 22:17:12,89,30.9268583551
228340,1500,43,216,12,2008-10-29 19:17:23,15,28.9062242842
228444,1500,350,465,193,2009-05-12 21:41:02,108,30.8244216163
228561,1500,36,497,10,2008-10-19 15:54:22,2,30.7470544606
229424,1500,93,545,22,2008-10-27 21:33:06,11,28.5366044887
230075,1500,34,904,17,2009-03-28 17:38:25,2,30.5983454053
230577,1500,142,661,76,2009-02-21 13:14:42,33,30.9235376079
230617,1500,7,621,2,2008-11-05 20:52:24,1,30.7784496565
232215,1500,57,692,29,2008-11-29 06:02:50,11,29.7674656141
232425,1500,17,629,13,2009-05-29 21:20:28,5,34.0488595762
233354,1500,108,173,22,2009-06-30 02:24:10,92,27.4951915689
233633,1500,4,596,1,2009-03-24 12:19:40,1,29.9345219291
234002,1500,14,496,4,2008-10-13 23:10:58,1,29.5973602517
235000,1500,86,412,17,2008-08-17 20:17:56,35,29.7465191813
235105,1500,10,417,4,2008-09-04 15:24:41,2,28.3064858501
235201,1500,61,333,25,2008-11-16 02:04:23,18,30.9785355061
235257,1500,29,920,16,2009-07-05 04:53:20,3,33.1252942691
235267,1500,130,474,44,2009-05-25 07:16:32,29,27.8511541522
235458,1500,36,442,12,2009-05-13 06:17:23,4,29.2347142676
236089,1500,2,663,0,2009-02-24 14:21:58,1,30.1917730041
236221,1500,38,529,10,2009-03-01 21:23:30,2,29.0721511596
237837,1500,397,495,201,2009-05-05 19:23:49,226,30.8855637271
238176,1500,2,472,1,2009-01-26 19:19:31,1,29.8375082459
238182,1500,6,670,4,2008-12-22 08:22:40,1,30.2923732073
238607,1500,27,307,13,2008-10-21 19:14:30,2,27.8165015235
239817,1500,6,482,2,2008-10-08 00:36:31,1,30.1802475087
240073,1500,34,393,15,2008-10-09 19:25:33,2,30.6324272402
240148,1500,382,573,163,2009-06-26 15:14:43,187,31.7101618285
240188,1500,1,305,0,2008-10-06 04:51:30,1,32.0497406475
240647,1500,17,462,2,2009-06-13 04:34:13,2,31.4013107628
240703,1500,280,733,148,2009-02-12 21:25:54,62,32.6079812285
240709,1500,2,682,1,2008-12-28 20:18:37,1,29.4461966035
241190,1500,291,528,134,2009-05-12 04:16:18,34,31.1999165089
241210,1500,4,680,2,2009-05-02 11:40:08,3,30.5566681812
241544,1500,5,569,3,2008-10-08 20:55:50,3,29.6670818294
241734,1500,205,485,86,2009-05-13 14:32:45,7,30.0204843991
242321,1500,1,709,0,2008-12-04 12:24:48,1,28.5297928784
242866,1500,16,768,2,2009-05-07 20:38:23,2,29.3255497155
242960,1500,492,479,270,2009-02-27 12:14:07,89,30.4225478209
243163,1500,32,323,12,2009-04-28 18:49:22,30,30.7023794387
243394,1500,11,538,1,2009-04-08 13:43:53,1,29.2770734709
243447,1500,271,354,102,2009-05-28 21:54:53,80,25.4201409392
243599,1500,64,600,22,2009-03-01 07:30:17,3,31.3323677372
243751,1500,9,738,3,2009-04-22 03:26:43,1,27.7823864638
244262,1500,7,668,3,2009-06-13 20:48:03,1,30.1646771164
244567,1500,10,524,1,2009-01-27 18:18:03,3,28.28584391
244631,1500,16,781,1,2009-02-19 13:24:22,1,32.6561867576
244638,1500,124,472,47,2009-02-28 22:59:38,19,30.2898290582
245158,1500,414,768,287,2009-05-11 14:59:07,70,30.0626118172
245911,1500,150,684,80,2009-01-13 22:21:44,67,30.7952318583
245962,1500,24,379,3,2009-07-05 20:21:42,2,29.2494871638
246461,1500,46,686,22,2009-03-05 19:13:13,27,29.9765173237
246570,1500,38,509,12,2009-02-15 01:18:49,14,30.3824315735
248028,1500,37,358,13,2009-01-18 23:06:31,2,30.2715906941
248189,1500,130,304,43,2009-05-12 00:06:12,47,29.3520941447
248827,1500,296,851,188,2009-02-18 13:00:27,33,33.0242590062
249623,1500,1,443,0,2009-03-14 20:40:39,1,28.8420812281
250415,1500,15,371,3,2009-05-31 22:10:24,2,29.0457923263
250834,1500,24,310,5,2008-12-31 05:52:43,2,30.0166442005
251090,1500,73,608,40,2009-06-30 16:40:43,51,29.2218884039
251564,1500,70,570,23,2009-02-22 14:24:53,17,28.2368788294
251994,1500,45,731,18,2009-01-19 07:13:21,21,30.2880176122
252333,1500,85,559,33,2009-04-20 23:09:01,5,27.839505281
252593,1500,322,326,115,2009-06-03 06:21:19,7,30.0192386427
253230,1500,35,366,20,2009-01-06 17:38:19,11,30.0217676157
253335,1500,66,596,24,2009-05-17 12:13:20,19,28.9566832303
253672,1500,36,459,11,2008-11-02 21:57:39,2,21.066739987
253699,1500,302,706,200,2009-01-04 04:26:36,36,30.3761865701
253817,1500,9,314,2,2009-04-24 19:04:24,3,27.9032148379
254193,1500,324,368,141,2008-12-17 17:16:11,159,29.2024756768
254298,1500,40,357,16,2009-04-02 00:28:49,16,29.8749011184
254553,1500,9,703,0,2009-03-10 17:30:09,4,29.5148408589
254832,1500,6,213,0,2009-03-15 20:24:25,1,26.8184861473
255187,1500,90,272,36,2009-02-24 15:23:25,66,29.0411960611
255381,1500,182,725,136,2009-03-04 20:29:37,61,30.8447786702
255469,1500,4,484,0,2009-03-23 11:46:40,1,31.6716614339
255597,1500,54,544,14,2009-05-26 19:35:31,15,28.5521953933
255817,1500,51,381,19,2009-03-11 07:25:41,3,29.2878911085
256476,1500,34,350,14,2009-05-25 21:41:45,3,29.4721738356
257621,1500,7,901,2,2009-01-21 00:51:57,3,32.0082135973
257883,1500,169,517,38,2008-12-31 11:33:30,6,28.8468227733
259582,1500,112,560,25,2008-12-23 08:23:17,5,29.5755424049
260777,1500,73,755,38,2009-01-13 13:08:30,10,32.8329934658
261661,1500,61,692,27,2009-01-30 12:36:10,18,29.7473550107
261948,1500,269,674,139,2009-03-02 14:21:01,115,29.881679611
262330,1500,260,353,76,2009-01-29 02:36:50,41,29.0150642958
262372,1500,221,666,106,2009-05-04 23:39:49,62,30.8760992323
262447,1500,93,595,33,2009-02-06 16:05:03,83,28.4097434359
262791,1500,134,549,48,2009-06-30 01:14:23,64,31.7763218533
263394,1500,18,649,3,2008-12-06 13:49:31,2,30.0148810859
263448,1500,108,684,81,2009-03-12 15:19:35,17,32.748822845
263805,1500,483,802,312,2009-02-24 02:32:53,37,30.9787905814
263857,1500,43,642,13,2009-02-23 20:46:30,43,29.6435867376
264892,1500,180,297,55,2009-03-18 11:12:34,74,28.5684856892
265245,1500,80,612,44,2009-04-03 06:23:14,24,31.0415548575
265726,1500,651,425,160,2009-07-11 02:49:02,45,26.8340289962
265889,1500,8,704,0,2008-12-26 06:30:59,2,29.147287374
267457,1500,60,720,25,2009-03-20 22:16:59,11,29.5139709401
267709,1500,124,629,32,2009-03-27 01:45:11,11,29.192058745
268363,1500,128,296,49,2009-05-03 11:04:59,19,30.0229043088
268646,1500,472,422,188,2009-01-16 16:31:45,91,30.3384943823
269187,1500,7,395,1,2009-03-29 00:17:03,2,29.3642614784
269346,1500,206,655,93,2009-07-09 06:55:52,6,30.2179825763
269566,1500,100,520,50,2009-06-27 01:50:58,11,30.3631919788
269870,1500,117,352,62,2009-04-24 02:52:56,82,30.5175188781
270534,1500,46,708,15,2009-07-08 21:54:41,42,30.8541433153
270643,1500,2,878,0,2009-05-21 16:05:11,1,32.2224900748
270924,1500,42,606,17,2009-02-19 00:30:06,5,28.8604491446
271012,1500,212,767,102,2009-04-14 02:23:10,30,31.3788002313
271042,1500,93,912,48,2009-04-25 18:24:05,8,32.2131576331
273168,1500,59,696,30,2009-05-21 19:20:07,25,30.0327165706
273330,1500,14,566,12,2009-05-20 05:37:17,12,32.0424695226
273330,1500,14,566,12,2009-05-20 05:37:17,12,31.9884969406
273970,1500,457,641,309,2009-03-09 00:25:10,98,35.5709477048
274308,1500,15,633,7,2009-05-07 15:05:37,4,27.3415254111
274343,1500,186,380,25,2009-06-28 21:50:50,12,26.2092704516
274577,1500,44,412,19,2009-03-10 23:30:21,3,30.3745707641
275019,1500,297,497,89,2009-01-19 06:47:13,8,29.5240937522
275234,1500,49,369,10,2008-12-16 22:09:39,5,28.5962537915
275879,1500,27,773,13,2009-05-28 12:48:19,7,30.2533891102
278028,1500,26,406,4,2009-06-03 19:53:12,1,29.2185679693
279762,1500,173,632,71,2009-06-05 01:19:59,18,30.6399529676
280432,1500,46,770,22,2009-04-24 13:43:43,41,28.6340469957
282245,1500,85,443,11,2009-05-20 01:22:30,3,29.292888656
282594,1500,95,526,27,2009-02-16 18:29:33,7,29.9067125769
283987,1500,24,582,14,2009-06-13 12:06:16,2,30.0030945913
285256,1500,6,187,1,2009-05-18 08:19:45,2,28.7655495434
286308,1500,163,346,60,2009-05-02 15:55:22,86,29.6241220121
286414,1500,4,575,2,2009-07-05 15:10:08,1,29.7849296649
287709,1500,53,686,29,2009-05-03 03:04:14,19,30.0609725546
287818,1500,1095,155,63,2009-03-01 10:28:07,35,24.8440815469
287957,1500,47,259,15,2009-06-11 18:13:29,7,29.5807372824
290165,1500,5,1150,1,2009-05-27 00:50:37,4,33.0142081103
290502,1500,126,362,54,2009-04-10 15:05:24,24,29.2568860326
290997,1500,94,392,25,2009-06-29 14:43:13,4,27.1420075273
292185,1500,3,739,2,2009-04-07 18:50:13,1,30.6571553389
292921,1500,40,189,18,2009-06-23 20:54:55,14,29.5518400195
294760,1500,157,615,61,2009-06-22 19:10:41,7,29.4076340818
295034,1500,29,593,10,2009-06-26 01:30:10,3,30.8431771292
296180,1500,134,424,48,2009-07-10 23:53:57,79,28.4693218773
297916,1500,128,838,75,2009-07-08 03:01:43,30,29.4028538691
298122,1500,80,595,39,2009-06-07 22:12:40,16,30.8522107934
300238,1500,100,473,37,2009-04-10 01:48:44,17,28.0759498896
301131,1500,9,896,3,2009-06-17 07:01:18,1,31.234755039
302841,1500,107,412,42,2009-06-19 11:07:45,5,29.2358056788
303893,1500,92,644,56,2009-03-15 10:42:50,73,31.4399787844
308333,1500,339,926,214,2009-06-01 14:58:17,27,30.6970957626
309492,1500,98,431,23,2009-07-03 04:42:42,23,28.4223275337
311435,1500,12,690,3,2009-05-30 00:56:42,3,29.4026043198
311589,1500,70,512,22,2009-05-27 18:11:39,13,28.8233744487
311787,1500,52,763,27,2009-05-30 18:27:04,21,31.6115906159
315866,1500,94,497,31,2009-07-03 14:03:08,14,29.5656416547
316131,1500,364,980,256,2009-06-30 20:15:43,50,34.179109202
319560,1500,156,680,68,2009-07-07 03:00:39,80,29.5823958951
322495,1500,54,332,29,2009-06-06 20:18:31,14,29.9522174836
328865,1500,6,784,1,2009-06-14 05:36:00,4,30.7335199874
