dif1,dif2,avg,count
-31,-31,0.00000000000000000000,2
-31,-24,0.00000000000000000000,1
-30,-28,0.00000000000000000000,1
-28,-30,0.00000000000000000000,1
-28,-17,0.00000000000000000000,1
-27,-26,0.00000000000000000000,1
-27,-24,0.00000000000000000000,1
-27,-20,0.00000000000000000000,1
-27,-18,0.00000000000000000000,1
-26,-27,0.00000000000000000000,1
-26,-9,1.00000000000000000000,1
-26,-7,0.00000000000000000000,2
-25,-14,1.00000000000000000000,1
-25,-8,0.00000000000000000000,1
-24,-31,0.00000000000000000000,1
-24,-27,0.00000000000000000000,1
-24,-23,0.00000000000000000000,1
-24,-22,0.00000000000000000000,2
-24,-19,0.00000000000000000000,1
-24,-13,0.00000000000000000000,2
-24,-10,0.00000000000000000000,1
-23,-24,0.00000000000000000000,1
-23,-15,0.00000000000000000000,1
-23,-14,0.00000000000000000000,1
-23,-11,0.00000000000000000000,1
-23,-7,0.00000000000000000000,1
-23,-4,0.00000000000000000000,1
-23,-3,0.00000000000000000000,1
-22,-24,0.00000000000000000000,2
-22,-20,0.00000000000000000000,1
-22,-19,0.00000000000000000000,1
-22,-18,0.00000000000000000000,2
-22,-17,0.00000000000000000000,2
-22,-16,0.00000000000000000000,1
-22,-15,0.00000000000000000000,3
-22,-12,0.00000000000000000000,1
-22,-8,1.00000000000000000000,1
-22,-7,0.00000000000000000000,1
-22,-6,0.00000000000000000000,1
-22,-5,0.00000000000000000000,1
-21,-20,0.00000000000000000000,3
-21,-19,0.00000000000000000000,2
-21,-17,0.00000000000000000000,4
-21,-16,0.00000000000000000000,2
-21,-15,0.00000000000000000000,1
-21,-14,0.00000000000000000000,3
-21,-13,0.00000000000000000000,3
-21,-12,0.00000000000000000000,5
-21,-11,0.50000000000000000000,2
-21,-10,0.00000000000000000000,1
-21,-9,0.00000000000000000000,1
-21,-8,0.00000000000000000000,3
-21,-4,0.00000000000000000000,1
-21,-2,0.00000000000000000000,1
-20,-27,0.00000000000000000000,1
-20,-22,0.00000000000000000000,1
-20,-21,0.00000000000000000000,3
-20,-20,0.00000000000000000000,8
-20,-19,0.00000000000000000000,2
-20,-18,0.00000000000000000000,4
-20,-17,0.00000000000000000000,3
-20,-16,0.00000000000000000000,9
-20,-15,0.00000000000000000000,6
-20,-14,0.20000000000000000000,5
-20,-13,0.00000000000000000000,3
-20,-12,0.50000000000000000000,4
-20,-11,0.00000000000000000000,5
-20,-10,0.00000000000000000000,2
-20,-9,0.00000000000000000000,1
-20,-8,0.00000000000000000000,4
-20,-7,0.00000000000000000000,2
-20,-6,0.00000000000000000000,2
-20,-5,0.00000000000000000000,1
-20,-4,0.00000000000000000000,2
-20,-3,0.00000000000000000000,1
-20,-2,1.00000000000000000000,1
-20,-1,0.00000000000000000000,1
-20,3,0.00000000000000000000,1
-19,-24,0.00000000000000000000,1
-19,-22,0.00000000000000000000,1
-19,-21,0.00000000000000000000,2
-19,-20,0.00000000000000000000,2
-19,-18,0.14285714285714285714,7
-19,-17,0.00000000000000000000,3
-19,-16,0.09090909090909090909,11
-19,-15,0.00000000000000000000,7
-19,-14,0.10000000000000000000,10
-19,-13,0.25000000000000000000,4
-19,-12,0.00000000000000000000,4
-19,-11,0.00000000000000000000,9
-19,-10,0.00000000000000000000,3
-19,-9,0.00000000000000000000,2
-19,-8,0.00000000000000000000,7
-19,-7,0.00000000000000000000,3
-19,-6,0.00000000000000000000,5
-19,-5,0.00000000000000000000,1
-19,-4,0.00000000000000000000,2
-19,-2,0.00000000000000000000,3
-19,-1,0.00000000000000000000,2
-19,1,0.00000000000000000000,1
-19,2,0.00000000000000000000,1
-19,4,1.00000000000000000000,1
-19,7,0.00000000000000000000,1
-18,-27,0.00000000000000000000,1
-18,-22,0.00000000000000000000,2
-18,-20,0.00000000000000000000,4
-18,-19,0.14285714285714285714,7
-18,-18,0.00000000000000000000,6
-18,-17,0.22222222222222222222,9
-18,-16,0.05263157894736842105,19
-18,-15,0.00000000000000000000,14
-18,-14,0.00000000000000000000,12
-18,-13,0.08333333333333333333,12
-18,-12,0.20000000000000000000,5
-18,-11,0.07692307692307692308,13
-18,-10,0.16666666666666666667,12
-18,-9,0.07142857142857142857,14
-18,-8,0.05882352941176470588,17
-18,-7,0.16666666666666666667,6
-18,-6,0.00000000000000000000,1
-18,-5,0.33333333333333333333,3
-18,-4,0.28571428571428571429,7
-18,-3,0.16666666666666666667,6
-18,-2,0.00000000000000000000,1
-18,-0,0.50000000000000000000,2
-18,1,0.00000000000000000000,2
-18,2,0.00000000000000000000,1
-18,7,0.00000000000000000000,1
-17,-28,0.00000000000000000000,1
-17,-22,0.00000000000000000000,2
-17,-21,0.00000000000000000000,4
-17,-20,0.00000000000000000000,3
-17,-19,0.00000000000000000000,3
-17,-18,0.22222222222222222222,9
-17,-17,0.11111111111111111111,18
-17,-16,0.08695652173913043478,23
-17,-15,0.08333333333333333333,24
-17,-14,0.18181818181818181818,22
-17,-13,0.04761904761904761905,21
-17,-12,0.03846153846153846154,26
-17,-11,0.00000000000000000000,16
-17,-10,0.35714285714285714286,14
-17,-9,0.11111111111111111111,9
-17,-8,0.28571428571428571429,14
-17,-7,0.00000000000000000000,12
-17,-6,0.11111111111111111111,18
-17,-5,0.10000000000000000000,10
-17,-4,0.25000000000000000000,4
-17,-3,0.00000000000000000000,5
-17,-2,0.00000000000000000000,3
-17,-1,0.00000000000000000000,1
-17,-0,0.00000000000000000000,6
-17,1,0.00000000000000000000,1
-17,2,0.00000000000000000000,2
-17,3,0.00000000000000000000,1
-17,4,0.00000000000000000000,1
-17,5,1.00000000000000000000,1
-17,8,1.00000000000000000000,1
-17,9,0.00000000000000000000,1
-16,-22,0.00000000000000000000,1
-16,-21,0.00000000000000000000,2
-16,-20,0.00000000000000000000,9
-16,-19,0.09090909090909090909,11
-16,-18,0.05263157894736842105,19
-16,-17,0.08695652173913043478,23
-16,-16,0.04761904761904761905,42
-16,-15,0.07894736842105263158,38
-16,-14,0.06818181818181818182,44
-16,-13,0.10256410256410256410,39
-16,-12,0.06250000000000000000,32
-16,-11,0.02631578947368421053,38
-16,-10,0.08695652173913043478,23
-16,-9,0.22727272727272727273,22
-16,-8,0.08000000000000000000,25
-16,-7,0.13636363636363636364,22
-16,-6,0.15789473684210526316,19
-16,-5,0.10000000000000000000,20
-16,-4,0.22222222222222222222,9
-16,-3,0.22222222222222222222,9
-16,-2,0.00000000000000000000,11
-16,-1,0.10000000000000000000,10
-16,-0,0.00000000000000000000,7
-16,1,0.00000000000000000000,1
-16,2,0.00000000000000000000,2
-16,3,0.00000000000000000000,1
-16,4,0.00000000000000000000,2
-16,6,0.00000000000000000000,1
-15,-23,0.00000000000000000000,1
-15,-22,0.00000000000000000000,3
-15,-21,0.00000000000000000000,1
-15,-20,0.00000000000000000000,6
-15,-19,0.00000000000000000000,7
-15,-18,0.00000000000000000000,14
-15,-17,0.08333333333333333333,24
-15,-16,0.07894736842105263158,38
-15,-15,0.16666666666666666667,48
-15,-14,0.10389610389610389610,77
-15,-13,0.11627906976744186047,86
-15,-12,0.12121212121212121212,66
-15,-11,0.09375000000000000000,64
-15,-10,0.12000000000000000000,50
-15,-9,0.03076923076923076923,65
-15,-8,0.18181818181818181818,44
-15,-7,0.07317073170731707317,41
-15,-6,0.06250000000000000000,32
-15,-5,0.06250000000000000000,32
-15,-4,0.10714285714285714286,28
-15,-3,0.15789473684210526316,19
-15,-2,0.05882352941176470588,17
-15,-1,0.14285714285714285714,14
-15,-0,0.06666666666666666667,15
-15,1,0.00000000000000000000,7
-15,2,0.33333333333333333333,3
-15,3,0.00000000000000000000,3
-15,4,0.00000000000000000000,2
-15,7,0.00000000000000000000,2
-14,-25,1.00000000000000000000,1
-14,-23,0.00000000000000000000,1
-14,-21,0.00000000000000000000,3
-14,-20,0.20000000000000000000,5
-14,-19,0.10000000000000000000,10
-14,-18,0.00000000000000000000,12
-14,-17,0.18181818181818181818,22
-14,-16,0.06818181818181818182,44
-14,-15,0.10389610389610389610,77
-14,-14,0.10344827586206896552,116
-14,-13,0.13274336283185840708,113
-14,-12,0.06504065040650406504,123
-14,-11,0.08256880733944954128,109
-14,-10,0.09890109890109890110,91
-14,-9,0.08421052631578947368,95
-14,-8,0.10000000000000000000,60
-14,-7,0.12500000000000000000,56
-14,-6,0.14285714285714285714,49
-14,-5,0.05660377358490566038,53
-14,-4,0.11904761904761904762,42
-14,-3,0.16666666666666666667,48
-14,-2,0.17073170731707317073,41
-14,-1,0.20000000000000000000,30
-14,0,0.11764705882352941176,17
-14,1,0.18750000000000000000,16
-14,2,0.40000000000000000000,10
-14,3,0.33333333333333333333,6
-14,4,0.00000000000000000000,5
-14,5,0.00000000000000000000,2
-14,6,0.00000000000000000000,2
-14,8,0.00000000000000000000,1
-14,10,0.00000000000000000000,1
-13,-24,0.00000000000000000000,2
-13,-21,0.00000000000000000000,3
-13,-20,0.00000000000000000000,3
-13,-19,0.25000000000000000000,4
-13,-18,0.08333333333333333333,12
-13,-17,0.04761904761904761905,21
-13,-16,0.10256410256410256410,39
-13,-15,0.11627906976744186047,86
-13,-14,0.13274336283185840708,113
-13,-13,0.04395604395604395604,182
-13,-12,0.07216494845360824742,194
-13,-11,0.09677419354838709677,155
-13,-10,0.08108108108108108108,148
-13,-9,0.18181818181818181818,121
-13,-8,0.10679611650485436893,103
-13,-7,0.11764705882352941176,85
-13,-6,0.07865168539325842697,89
-13,-5,0.17582417582417582418,91
-13,-4,0.13888888888888888889,72
-13,-3,0.14084507042253521127,71
-13,-2,0.10810810810810810811,74
-13,-1,0.15517241379310344828,58
-13,-0,0.13043478260869565217,23
-13,1,0.06060606060606060606,33
-13,2,0.13636363636363636364,22
-13,3,0.27272727272727272727,11
-13,4,0.42857142857142857143,7
-13,5,0.20000000000000000000,5
-13,6,0.00000000000000000000,4
-13,7,0.00000000000000000000,3
-13,8,0.33333333333333333333,3
-12,-22,0.00000000000000000000,1
-12,-21,0.00000000000000000000,5
-12,-20,0.50000000000000000000,4
-12,-19,0.00000000000000000000,4
-12,-18,0.20000000000000000000,5
-12,-17,0.03846153846153846154,26
-12,-16,0.06250000000000000000,32
-12,-15,0.12121212121212121212,66
-12,-14,0.06504065040650406504,123
-12,-13,0.07216494845360824742,194
-12,-12,0.08800000000000000000,250
-12,-11,0.12500000000000000000,272
-12,-10,0.10943396226415094340,265
-12,-9,0.13636363636363636364,220
-12,-8,0.13829787234042553191,188
-12,-7,0.14141414141414141414,198
-12,-6,0.14743589743589743590,156
-12,-5,0.22627737226277372263,137
-12,-4,0.10400000000000000000,125
-12,-3,0.16535433070866141732,127
-12,-2,0.15151515151515151515,99
-12,-1,0.15853658536585365854,82
-12,0,0.17567567567567567568,74
-12,1,0.09615384615384615385,52
-12,2,0.16666666666666666667,42
-12,3,0.33333333333333333333,21
-12,4,0.18181818181818181818,11
-12,5,0.28571428571428571429,7
-12,6,0.00000000000000000000,3
-12,7,0.00000000000000000000,1
-12,8,0.00000000000000000000,3
-12,9,0.00000000000000000000,1
-12,11,0.00000000000000000000,1
-11,-23,0.00000000000000000000,1
-11,-21,0.50000000000000000000,2
-11,-20,0.00000000000000000000,5
-11,-19,0.00000000000000000000,9
-11,-18,0.07692307692307692308,13
-11,-17,0.00000000000000000000,16
-11,-16,0.02631578947368421053,38
-11,-15,0.09375000000000000000,64
-11,-14,0.08256880733944954128,109
-11,-13,0.09677419354838709677,155
-11,-12,0.12500000000000000000,272
-11,-11,0.14000000000000000000,300
-11,-10,0.10741687979539641944,391
-11,-9,0.12351543942992874109,421
-11,-8,0.11699164345403899721,359
-11,-7,0.13580246913580246914,324
-11,-6,0.15562913907284768212,302
-11,-5,0.16423357664233576642,274
-11,-4,0.15283842794759825328,229
-11,-3,0.15238095238095238095,210
-11,-2,0.14705882352941176471,170
-11,-1,0.14473684210526315789,152
-11,0,0.18348623853211009174,109
-11,1,0.17977528089887640449,89
-11,2,0.12903225806451612903,62
-11,3,0.15555555555555555556,45
-11,4,0.14285714285714285714,21
-11,5,0.20000000000000000000,20
-11,6,0.37500000000000000000,16
-11,7,0.14285714285714285714,7
-11,8,0.33333333333333333333,9
-11,9,0.00000000000000000000,1
-11,10,0.00000000000000000000,1
-11,13,1.00000000000000000000,2
-11,14,0.00000000000000000000,1
-10,-24,0.00000000000000000000,1
-10,-21,0.00000000000000000000,1
-10,-20,0.00000000000000000000,2
-10,-19,0.00000000000000000000,3
-10,-18,0.16666666666666666667,12
-10,-17,0.35714285714285714286,14
-10,-16,0.08695652173913043478,23
-10,-15,0.12000000000000000000,50
-10,-14,0.09890109890109890110,91
-10,-13,0.08108108108108108108,148
-10,-12,0.10943396226415094340,265
-10,-11,0.10741687979539641944,391
-10,-10,0.14979757085020242915,494
-10,-9,0.10562180579216354344,587
-10,-8,0.11111111111111111111,585
-10,-7,0.15505226480836236934,574
-10,-6,0.15430861723446893788,499
-10,-5,0.16949152542372881356,413
-10,-4,0.20588235294117647059,374
-10,-3,0.15757575757575757576,330
-10,-2,0.17123287671232876712,292
-10,-1,0.21186440677966101695,236
-10,0,0.19815668202764976959,217
-10,1,0.21379310344827586207,145
-10,2,0.15315315315315315315,111
-10,3,0.14084507042253521127,71
-10,4,0.10869565217391304348,46
-10,5,0.11764705882352941176,34
-10,6,0.25000000000000000000,28
-10,7,0.11764705882352941176,17
-10,8,0.35714285714285714286,14
-10,9,0.33333333333333333333,3
-10,10,0.50000000000000000000,2
-10,11,0.00000000000000000000,3
-10,12,0.00000000000000000000,1
-10,17,0.00000000000000000000,1
-9,-26,1.00000000000000000000,1
-9,-21,0.00000000000000000000,1
-9,-20,0.00000000000000000000,1
-9,-19,0.00000000000000000000,2
-9,-18,0.07142857142857142857,14
-9,-17,0.11111111111111111111,9
-9,-16,0.22727272727272727273,22
-9,-15,0.03076923076923076923,65
-9,-14,0.08421052631578947368,95
-9,-13,0.18181818181818181818,121
-9,-12,0.13636363636363636364,220
-9,-11,0.12351543942992874109,421
-9,-10,0.10562180579216354344,587
-9,-9,0.14987080103359173127,774
-9,-8,0.13366834170854271357,995
-9,-7,0.12054507337526205451,954
-9,-6,0.16315205327413984462,901
-9,-5,0.17803030303030303030,792
-9,-4,0.16935483870967741935,744
-9,-3,0.16724738675958188153,574
-9,-2,0.16826003824091778203,523
-9,-1,0.18518518518518518519,432
-9,-0,0.23823529411764705882,340
-9,1,0.20338983050847457627,236
-9,2,0.24418604651162790698,172
-9,3,0.24626865671641791045,134
-9,4,0.23750000000000000000,80
-9,5,0.25000000000000000000,56
-9,6,0.25000000000000000000,24
-9,7,0.25000000000000000000,20
-9,8,0.27777777777777777778,18
-9,9,0.54545454545454545455,11
-9,10,0.00000000000000000000,3
-9,11,0.25000000000000000000,4
-9,12,0.20000000000000000000,5
-9,14,0.00000000000000000000,1
-9,18,1.00000000000000000000,1
-8,-25,0.00000000000000000000,1
-8,-22,1.00000000000000000000,1
-8,-21,0.00000000000000000000,3
-8,-20,0.00000000000000000000,4
-8,-19,0.00000000000000000000,7
-8,-18,0.05882352941176470588,17
-8,-17,0.28571428571428571429,14
-8,-16,0.08000000000000000000,25
-8,-15,0.18181818181818181818,44
-8,-14,0.10000000000000000000,60
-8,-13,0.10679611650485436893,103
-8,-12,0.13829787234042553191,188
-8,-11,0.11699164345403899721,359
-8,-10,0.11111111111111111111,585
-8,-9,0.13366834170854271357,995
-8,-8,0.13704819277108433735,1328
-8,-7,0.15413771320277953253,1583
-8,-6,0.15834996673320026613,1503
-8,-5,0.15016611295681063123,1505
-8,-4,0.16942771084337349398,1328
-8,-3,0.17444933920704845815,1135
-8,-2,0.20199004975124378109,1005
-8,-1,0.21686746987951807229,830
-8,0,0.22870662460567823344,634
-8,1,0.20666666666666666667,450
-8,2,0.22077922077922077922,308
-8,3,0.21078431372549019608,204
-8,4,0.19090909090909090909,110
-8,5,0.20454545454545454545,88
-8,6,0.22641509433962264151,53
-8,7,0.36363636363636363636,33
-8,8,0.20000000000000000000,25
-8,9,0.07692307692307692308,13
-8,10,0.10000000000000000000,10
-8,11,0.14285714285714285714,7
-8,12,0.00000000000000000000,4
-8,13,0.00000000000000000000,2
-8,15,0.00000000000000000000,1
-7,-26,0.00000000000000000000,2
-7,-23,0.00000000000000000000,1
-7,-22,0.00000000000000000000,1
-7,-20,0.00000000000000000000,2
-7,-19,0.00000000000000000000,3
-7,-18,0.16666666666666666667,6
-7,-17,0.00000000000000000000,12
-7,-16,0.13636363636363636364,22
-7,-15,0.07317073170731707317,41
-7,-14,0.12500000000000000000,56
-7,-13,0.11764705882352941176,85
-7,-12,0.14141414141414141414,198
-7,-11,0.13580246913580246914,324
-7,-10,0.15505226480836236934,574
-7,-9,0.12054507337526205451,954
-7,-8,0.15413771320277953253,1583
-7,-7,0.16143911439114391144,2168
-7,-6,0.17029548989113530327,2572
-7,-5,0.18555555555555555556,2700
-7,-4,0.17783701447067783701,2626
-7,-3,0.20090702947845804989,2205
-7,-2,0.21033210332103321033,1897
-7,-1,0.23175675675675675676,1480
-7,-0,0.20483005366726296959,1118
-7,1,0.24004975124378109453,804
-7,2,0.25048923679060665362,511
-7,3,0.24390243902439024390,328
-7,4,0.26254826254826254826,259
-7,5,0.21804511278195488722,133
-7,6,0.29787234042553191489,94
-7,7,0.27419354838709677419,62
-7,8,0.35135135135135135135,37
-7,9,0.30000000000000000000,30
-7,10,0.25000000000000000000,16
-7,11,0.18750000000000000000,16
-7,12,0.75000000000000000000,4
-7,13,0.66666666666666666667,3
-7,14,0.25000000000000000000,4
-6,-22,0.00000000000000000000,1
-6,-20,0.00000000000000000000,2
-6,-19,0.00000000000000000000,5
-6,-18,0.00000000000000000000,1
-6,-17,0.11111111111111111111,18
-6,-16,0.15789473684210526316,19
-6,-15,0.06250000000000000000,32
-6,-14,0.14285714285714285714,49
-6,-13,0.07865168539325842697,89
-6,-12,0.14743589743589743590,156
-6,-11,0.15562913907284768212,302
-6,-10,0.15430861723446893788,499
-6,-9,0.16315205327413984462,901
-6,-8,0.15834996673320026613,1503
-6,-7,0.17029548989113530327,2572
-6,-6,0.16640906749098402885,3882
-6,-5,0.19316239316239316239,4680
-6,-4,0.19328972357037349652,4739
-6,-3,0.21355236139630390144,4383
-6,-2,0.20534311157674174961,3818
-6,-1,0.22108298622236462672,3121
-6,0,0.22944297082228116711,2262
-6,1,0.25423728813559322034,1534
-6,2,0.26849037487335359676,987
-6,3,0.28595600676818950931,591
-6,4,0.22070844686648501362,367
-6,5,0.31386861313868613139,274
-6,6,0.26543209876543209877,162
-6,7,0.25581395348837209302,86
-6,8,0.28358208955223880597,67
-6,9,0.29310344827586206897,58
-6,10,0.14285714285714285714,21
-6,11,0.53846153846153846154,13
-6,12,0.62500000000000000000,8
-6,13,0.00000000000000000000,6
-6,14,0.25000000000000000000,4
-6,15,0.75000000000000000000,4
-6,16,1.00000000000000000000,1
-6,20,1.00000000000000000000,1
-6,24,0.00000000000000000000,1
-5,-22,0.00000000000000000000,1
-5,-20,0.00000000000000000000,1
-5,-19,0.00000000000000000000,1
-5,-18,0.33333333333333333333,3
-5,-17,0.10000000000000000000,10
-5,-16,0.10000000000000000000,20
-5,-15,0.06250000000000000000,32
-5,-14,0.05660377358490566038,53
-5,-13,0.17582417582417582418,91
-5,-12,0.22627737226277372263,137
-5,-11,0.16423357664233576642,274
-5,-10,0.16949152542372881356,413
-5,-9,0.17803030303030303030,792
-5,-8,0.15016611295681063123,1505
-5,-7,0.18555555555555555556,2700
-5,-6,0.19316239316239316239,4680
-5,-5,0.19071729957805907173,7110
-5,-4,0.19790819291109819872,8605
-5,-3,0.21358234295415959253,8835
-5,-2,0.21437256809338521401,8224
-5,-1,0.24395130220372938820,6489
-5,0,0.25617021276595744681,4700
-5,1,0.26888604353393085787,3124
-5,2,0.27402323125659978881,1894
-5,3,0.27041264266900790167,1139
-5,4,0.30201342281879194631,745
-5,5,0.29099307159353348730,433
-5,6,0.30034129692832764505,293
-5,7,0.34500000000000000000,200
-5,8,0.30555555555555555556,108
-5,9,0.31395348837209302326,86
-5,10,0.18965517241379310345,58
-5,11,0.21052631578947368421,38
-5,12,0.26086956521739130435,23
-5,13,0.53846153846153846154,13
-5,14,0.33333333333333333333,9
-5,15,0.50000000000000000000,6
-5,16,0.00000000000000000000,2
-5,17,0.00000000000000000000,2
-5,19,1.00000000000000000000,1
-4,-23,0.00000000000000000000,1
-4,-21,0.00000000000000000000,1
-4,-20,0.00000000000000000000,2
-4,-19,0.00000000000000000000,2
-4,-18,0.28571428571428571429,7
-4,-17,0.25000000000000000000,4
-4,-16,0.22222222222222222222,9
-4,-15,0.10714285714285714286,28
-4,-14,0.11904761904761904762,42
-4,-13,0.13888888888888888889,72
-4,-12,0.10400000000000000000,125
-4,-11,0.15283842794759825328,229
-4,-10,0.20588235294117647059,374
-4,-9,0.16935483870967741935,744
-4,-8,0.16942771084337349398,1328
-4,-7,0.17783701447067783701,2626
-4,-6,0.19328972357037349652,4739
-4,-5,0.19790819291109819872,8605
-4,-4,0.20741202117720336344,12844
-4,-3,0.22071463654223968566,16288
-4,-2,0.23248657454896518434,16573
-4,-1,0.24786024975445488986,14254
-4,-0,0.26698262243285939968,10128
-4,1,0.27316318638824439288,6465
-4,2,0.29481970543423057390,3938
-4,3,0.28756130182790905038,2243
-4,4,0.31449814126394052045,1345
-4,5,0.32718327183271832718,813
-4,6,0.33398821218074656189,509
-4,7,0.30498533724340175953,341
-4,8,0.27624309392265193370,181
-4,9,0.37226277372262773723,137
-4,10,0.34939759036144578313,83
-4,11,0.39682539682539682540,63
-4,12,0.30303030303030303030,33
-4,13,0.26315789473684210526,19
-4,14,0.30000000000000000000,10
-4,15,0.28571428571428571429,7
-4,16,0.44444444444444444444,9
-4,17,0.20000000000000000000,5
-4,18,0.50000000000000000000,2
-4,19,0.00000000000000000000,1
-3,-23,0.00000000000000000000,1
-3,-20,0.00000000000000000000,1
-3,-18,0.16666666666666666667,6
-3,-17,0.00000000000000000000,5
-3,-16,0.22222222222222222222,9
-3,-15,0.15789473684210526316,19
-3,-14,0.16666666666666666667,48
-3,-13,0.14084507042253521127,71
-3,-12,0.16535433070866141732,127
-3,-11,0.15238095238095238095,210
-3,-10,0.15757575757575757576,330
-3,-9,0.16724738675958188153,574
-3,-8,0.17444933920704845815,1135
-3,-7,0.20090702947845804989,2205
-3,-6,0.21355236139630390144,4383
-3,-5,0.21358234295415959253,8835
-3,-4,0.22071463654223968566,16288
-3,-3,0.23191437997907781444,24854
-3,-2,0.24153652148608012416,30927
-3,-1,0.26549503622216259726,29816
-3,-0,0.27808285375389887097,22763
-3,1,0.29805052169137836354,14568
-3,2,0.31073379244834956067,8422
-3,3,0.31669993346640053227,4509
-3,4,0.32398155265180630284,2602
-3,5,0.32231962238705327040,1483
-3,6,0.32190265486725663717,904
-3,7,0.32812500000000000000,576
-3,8,0.35078534031413612565,382
-3,9,0.34433962264150943396,212
-3,10,0.37333333333333333333,150
-3,11,0.30188679245283018868,106
-3,12,0.32876712328767123288,73
-3,13,0.42500000000000000000,40
-3,14,0.40000000000000000000,20
-3,15,0.37500000000000000000,16
-3,16,0.53846153846153846154,13
-3,17,0.50000000000000000000,2
-3,22,1.00000000000000000000,1
-3,24,1.00000000000000000000,1
-2,-21,0.00000000000000000000,1
-2,-20,1.00000000000000000000,1
-2,-19,0.00000000000000000000,3
-2,-18,0.00000000000000000000,1
-2,-17,0.00000000000000000000,3
-2,-16,0.00000000000000000000,11
-2,-15,0.05882352941176470588,17
-2,-14,0.17073170731707317073,41
-2,-13,0.10810810810810810811,74
-2,-12,0.15151515151515151515,99
-2,-11,0.14705882352941176471,170
-2,-10,0.17123287671232876712,292
-2,-9,0.16826003824091778203,523
-2,-8,0.20199004975124378109,1005
-2,-7,0.21033210332103321033,1897
-2,-6,0.20534311157674174961,3818
-2,-5,0.21437256809338521401,8224
-2,-4,0.23248657454896518434,16573
-2,-3,0.24153652148608012416,30927
-2,-2,0.26395383124815704116,47478
-2,-1,0.27805205648527970378,55094
-2,-0,0.29641352466904766997,46759
-2,1,0.30807980380459998674,30174
-2,2,0.32436252281962193039,16981
-2,3,0.33555629654329220851,8997
-2,4,0.34730298776819731301,4987
-2,5,0.36295234682909351487,2791
-2,6,0.36904761904761904762,1512
-2,7,0.36316337148803329865,961
-2,8,0.35483870967741935484,589
-2,9,0.39436619718309859155,426
-2,10,0.37867647058823529412,272
-2,11,0.45197740112994350282,177
-2,12,0.38532110091743119266,109
-2,13,0.34666666666666666667,75
-2,14,0.49019607843137254902,51
-2,15,0.28000000000000000000,25
-2,16,0.62500000000000000000,16
-2,17,0.50000000000000000000,2
-2,18,0.33333333333333333333,3
-2,19,0.00000000000000000000,2
-2,20,0.00000000000000000000,1
-2,22,0.00000000000000000000,1
-2,28,1.00000000000000000000,1
-1,-20,0.00000000000000000000,1
-1,-19,0.00000000000000000000,2
-1,-17,0.00000000000000000000,1
-1,-16,0.10000000000000000000,10
-1,-15,0.14285714285714285714,14
-1,-14,0.20000000000000000000,30
-1,-13,0.15517241379310344828,58
-1,-12,0.15853658536585365854,82
-1,-11,0.14473684210526315789,152
-1,-10,0.21186440677966101695,236
-1,-9,0.18518518518518518519,432
-1,-8,0.21686746987951807229,830
-1,-7,0.23175675675675675676,1480
-1,-6,0.22108298622236462672,3121
-1,-5,0.24395130220372938820,6489
-1,-4,0.24786024975445488986,14254
-1,-3,0.26549503622216259726,29816
-1,-2,0.27805205648527970378,55094
-1,-1,0.29620667926906112161,79350
-1,-0,0.31037727563579789970,79703
-1,1,0.33062156568900306858,56052
-1,2,0.34912197437114380636,31605
-1,3,0.36482123639842161904,16726
-1,4,0.37690806840353494778,8713
-1,5,0.38273649347961084662,4831
-1,6,0.39813084112149532710,2675
-1,7,0.40262172284644194757,1602
-1,8,0.39801980198019801980,1010
-1,9,0.43166666666666666667,600
-1,10,0.38888888888888888889,378
-1,11,0.38400000000000000000,250
-1,12,0.45685279187817258883,197
-1,13,0.40151515151515151515,132
-1,14,0.42500000000000000000,80
-1,15,0.44736842105263157895,38
-1,16,0.52000000000000000000,25
-1,17,0.22222222222222222222,9
-1,18,0.62500000000000000000,8
-1,19,0.50000000000000000000,2
-1,20,0.50000000000000000000,4
-1,23,0.00000000000000000000,1
-1,26,1.00000000000000000000,1
-0,-18,0.50000000000000000000,2
-0,-17,0.00000000000000000000,6
-0,-16,0.00000000000000000000,7
-0,-15,0.06666666666666666667,15
0,-14,0.11764705882352941176,17
-0,-13,0.13043478260869565217,23
-0,-12,0.17567567567567567568,74
0,-11,0.18348623853211009174,109
-0,-10,0.19815668202764976959,217
-0,-9,0.23823529411764705882,340
-0,-8,0.22870662460567823344,634
-0,-7,0.20483005366726296959,1118
0,-6,0.22944297082228116711,2262
0,-5,0.25617021276595744681,4700
-0,-4,0.26698262243285939968,10128
-0,-3,0.27808285375389887097,22763
0,-2,0.29641352466904766997,46759
-0,-1,0.31037727563579789970,79703
-0,-0,0.33249994876734225465,97594
0,1,0.35348214509146417757,79922
-0,2,0.36869741384656729994,48373
0,3,0.38674689256590927084,25262
-0,4,0.39360890787065283710,13112
-0,5,0.40197992191857222532,7172
-0,6,0.42172687676146553933,3903
0,7,0.41860465116279069767,2193
-0,8,0.41541916167664670659,1336
0,9,0.43055555555555555556,792
0,10,0.41965973534971644612,529
-0,11,0.43161094224924012158,329
-0,12,0.46037735849056603774,265
0,13,0.48295454545454545455,176
-0,14,0.46017699115044247788,113
0,15,0.43750000000000000000,48
0,16,0.47368421052631578947,38
0,17,0.48000000000000000000,25
-0,18,0.50000000000000000000,6
0,19,1.00000000000000000000,1
-0,20,0.50000000000000000000,6
0,31,0.50000000000000000000,2
1,-19,0.00000000000000000000,1
1,-18,0.00000000000000000000,2
1,-17,0.00000000000000000000,1
1,-16,0.00000000000000000000,1
1,-15,0.00000000000000000000,7
1,-14,0.18750000000000000000,16
1,-13,0.06060606060606060606,33
1,-12,0.09615384615384615385,52
1,-11,0.17977528089887640449,89
1,-10,0.21379310344827586207,145
1,-9,0.20338983050847457627,236
1,-8,0.20666666666666666667,450
1,-7,0.24004975124378109453,804
1,-6,0.25423728813559322034,1534
1,-5,0.26888604353393085787,3124
1,-4,0.27316318638824439288,6465
1,-3,0.29805052169137836354,14568
1,-2,0.30807980380459998674,30174
1,-1,0.33062156568900306858,56052
1,-0,0.35348214509146417757,79922
1,1,0.37468776019983347211,79266
1,2,0.39142032772606021014,55107
1,3,0.40840648426987890049,31214
1,4,0.41614000972289742343,16456
1,5,0.42196267033092866140,8733
1,6,0.43748673317766928465,4711
1,7,0.43484848484848484848,2640
1,8,0.45369211514392991239,1598
1,9,0.47556008146639511202,982
1,10,0.44639718804920913884,569
1,11,0.51822916666666666667,384
1,12,0.49077490774907749077,271
1,13,0.47619047619047619048,189
1,14,0.48031496062992125984,127
1,15,0.47560975609756097561,82
1,16,0.34883720930232558140,43
1,17,0.38888888888888888889,18
1,18,0.58333333333333333333,12
1,19,0.14285714285714285714,7
1,20,0.50000000000000000000,4
1,21,0.33333333333333333333,3
1,24,1.00000000000000000000,1
1,27,0.00000000000000000000,1
2,-19,0.00000000000000000000,1
2,-18,0.00000000000000000000,1
2,-17,0.00000000000000000000,2
2,-16,0.00000000000000000000,2
2,-15,0.33333333333333333333,3
2,-14,0.40000000000000000000,10
2,-13,0.13636363636363636364,22
2,-12,0.16666666666666666667,42
2,-11,0.12903225806451612903,62
2,-10,0.15315315315315315315,111
2,-9,0.24418604651162790698,172
2,-8,0.22077922077922077922,308
2,-7,0.25048923679060665362,511
2,-6,0.26849037487335359676,987
2,-5,0.27402323125659978881,1894
2,-4,0.29481970543423057390,3938
2,-3,0.31073379244834956067,8422
2,-2,0.32436252281962193039,16981
2,-1,0.34912197437114380636,31605
2,0,0.36869741384656729994,48373
2,1,0.39142032772606021014,55107
2,2,0.40884870719776380154,45792
2,3,0.42796567390206966179,29715
2,4,0.44312567779250512110,16598
2,5,0.45375854214123006834,8780
2,6,0.45963379109446525177,4806
2,7,0.45231107850330154072,2726
2,8,0.47396176664469347396,1517
2,9,0.49844236760124610592,963
2,10,0.53658536585365853659,574
2,11,0.47951807228915662651,415
2,12,0.52416356877323420074,269
2,13,0.45783132530120481928,166
2,14,0.51724137931034482759,116
2,15,0.50000000000000000000,72
2,16,0.48000000000000000000,50
2,17,0.51851851851851851852,27
2,18,0.33333333333333333333,12
2,19,0.50000000000000000000,4
2,20,0.66666666666666666667,3
2,21,1.00000000000000000000,2
2,22,1.00000000000000000000,1
2,24,1.00000000000000000000,1
2,30,0.00000000000000000000,1
3,-20,0.00000000000000000000,1
3,-17,0.00000000000000000000,1
3,-16,0.00000000000000000000,1
3,-15,0.00000000000000000000,3
3,-14,0.33333333333333333333,6
3,-13,0.27272727272727272727,11
3,-12,0.33333333333333333333,21
3,-11,0.15555555555555555556,45
3,-10,0.14084507042253521127,71
3,-9,0.24626865671641791045,134
3,-8,0.21078431372549019608,204
3,-7,0.24390243902439024390,328
3,-6,0.28595600676818950931,591
3,-5,0.27041264266900790167,1139
3,-4,0.28756130182790905038,2243
3,-3,0.31669993346640053227,4509
3,-2,0.33555629654329220851,8997
3,-1,0.36482123639842161904,16726
3,-0,0.38674689256590927084,25262
3,1,0.40840648426987890049,31214
3,2,0.42796567390206966179,29715
3,3,0.43891443512758092147,22182
3,4,0.45607964976698206468,14162
3,5,0.47300242130750605327,8260
3,6,0.46603730140455906056,4343
3,7,0.48927875243664717349,2565
3,8,0.53080568720379146919,1477
3,9,0.50716648291069459757,907
3,10,0.50868055555555555556,576
3,11,0.56910569105691056911,369
3,12,0.51674641148325358852,209
3,13,0.52777777777777777778,144
3,14,0.61165048543689320388,103
3,15,0.52500000000000000000,80
3,16,0.50000000000000000000,32
3,17,0.42857142857142857143,21
3,18,0.61904761904761904762,21
3,19,0.37500000000000000000,8
3,20,0.50000000000000000000,4
3,24,0.00000000000000000000,1
3,27,0.00000000000000000000,1
4,-19,1.00000000000000000000,1
4,-17,0.00000000000000000000,1
4,-16,0.00000000000000000000,2
4,-15,0.00000000000000000000,2
4,-14,0.00000000000000000000,5
4,-13,0.42857142857142857143,7
4,-12,0.18181818181818181818,11
4,-11,0.14285714285714285714,21
4,-10,0.10869565217391304348,46
4,-9,0.23750000000000000000,80
4,-8,0.19090909090909090909,110
4,-7,0.26254826254826254826,259
4,-6,0.22070844686648501362,367
4,-5,0.30201342281879194631,745
4,-4,0.31449814126394052045,1345
4,-3,0.32398155265180630284,2602
4,-2,0.34730298776819731301,4987
4,-1,0.37690806840353494778,8713
4,-0,0.39360890787065283710,13112
4,1,0.41614000972289742343,16456
4,2,0.44312567779250512110,16598
4,3,0.45607964976698206468,14162
4,4,0.47300349004311229727,9742
4,5,0.48143466582398483173,6329
4,6,0.49986928104575163399,3825
4,7,0.51063829787234042553,2209
4,8,0.52363090772693173293,1333
4,9,0.49120603015075376884,796
4,10,0.51204819277108433735,498
4,11,0.55271565495207667732,313
4,12,0.52763819095477386935,199
4,13,0.52500000000000000000,120
4,14,0.56470588235294117647,85
4,15,0.53333333333333333333,60
4,16,0.54285714285714285714,35
4,17,0.73684210526315789474,19
4,18,0.77777777777777777778,9
4,19,0.55555555555555555556,9
4,20,0.75000000000000000000,8
4,21,0.80000000000000000000,5
4,22,0.66666666666666666667,3
5,-17,1.00000000000000000000,1
5,-14,0.00000000000000000000,2
5,-13,0.20000000000000000000,5
5,-12,0.28571428571428571429,7
5,-11,0.20000000000000000000,20
5,-10,0.11764705882352941176,34
5,-9,0.25000000000000000000,56
5,-8,0.20454545454545454545,88
5,-7,0.21804511278195488722,133
5,-6,0.31386861313868613139,274
5,-5,0.29099307159353348730,433
5,-4,0.32718327183271832718,813
5,-3,0.32231962238705327040,1483
5,-2,0.36295234682909351487,2791
5,-1,0.38273649347961084662,4831
5,0,0.40197992191857222532,7172
5,1,0.42196267033092866140,8733
5,2,0.45375854214123006834,8780
5,3,0.47300242130750605327,8260
5,4,0.48143466582398483173,6329
5,5,0.48820960698689956332,4580
5,6,0.50280620666886761307,3029
5,7,0.50802139037433155080,1870
5,8,0.55902777777777777778,1152
5,9,0.52785515320334261838,718
5,10,0.51529411764705882353,425
5,11,0.54785478547854785479,303
5,12,0.57608695652173913043,184
5,13,0.50943396226415094340,106
5,14,0.63829787234042553191,94
5,15,0.67307692307692307692,52
5,16,0.67567567567567567568,37
5,17,0.76000000000000000000,25
5,18,0.36363636363636363636,11
5,19,0.37500000000000000000,8
5,20,0.66666666666666666667,6
5,21,1.00000000000000000000,2
5,22,1.00000000000000000000,2
5,24,0.00000000000000000000,1
6,-16,0.00000000000000000000,1
6,-14,0.00000000000000000000,2
6,-13,0.00000000000000000000,4
6,-12,0.00000000000000000000,3
6,-11,0.37500000000000000000,16
6,-10,0.25000000000000000000,28
6,-9,0.25000000000000000000,24
6,-8,0.22641509433962264151,53
6,-7,0.29787234042553191489,94
6,-6,0.26543209876543209877,162
6,-5,0.30034129692832764505,293
6,-4,0.33398821218074656189,509
6,-3,0.32190265486725663717,904
6,-2,0.36904761904761904762,1512
6,-1,0.39813084112149532710,2675
6,0,0.42172687676146553933,3903
6,1,0.43748673317766928465,4711
6,2,0.45963379109446525177,4806
6,3,0.46603730140455906056,4343
6,4,0.49986928104575163399,3825
6,5,0.50280620666886761307,3029
6,6,0.52753108348134991119,2252
6,7,0.54412786657400972898,1439
6,8,0.53306613226452905812,998
6,9,0.52787456445993031359,574
6,10,0.56986301369863013699,365
6,11,0.53874538745387453875,271
6,12,0.62264150943396226415,159
6,13,0.61538461538461538462,78
6,14,0.63380281690140845070,71
6,15,0.60714285714285714286,56
6,16,0.80000000000000000000,20
6,17,0.42857142857142857143,14
6,18,0.33333333333333333333,9
6,19,0.80000000000000000000,5
6,20,0.40000000000000000000,5
6,22,0.25000000000000000000,4
6,27,0.00000000000000000000,1
6,31,1.00000000000000000000,1
7,-19,0.00000000000000000000,1
7,-18,0.00000000000000000000,1
7,-15,0.00000000000000000000,2
7,-13,0.00000000000000000000,3
7,-12,0.00000000000000000000,1
7,-11,0.14285714285714285714,7
7,-10,0.11764705882352941176,17
7,-9,0.25000000000000000000,20
7,-8,0.36363636363636363636,33
7,-7,0.27419354838709677419,62
7,-6,0.25581395348837209302,86
7,-5,0.34500000000000000000,200
7,-4,0.30498533724340175953,341
7,-3,0.32812500000000000000,576
7,-2,0.36316337148803329865,961
7,-1,0.40262172284644194757,1602
7,-0,0.41860465116279069767,2193
7,1,0.43484848484848484848,2640
7,2,0.45231107850330154072,2726
7,3,0.48927875243664717349,2565
7,4,0.51063829787234042553,2209
7,5,0.50802139037433155080,1870
7,6,0.54412786657400972898,1439
7,7,0.58571428571428571429,1120
7,8,0.54942233632862644416,779
7,9,0.57256461232604373757,503
7,10,0.57692307692307692308,338
7,11,0.58921161825726141079,241
7,12,0.56296296296296296296,135
7,13,0.60215053763440860215,93
7,14,0.62264150943396226415,53
7,15,0.54000000000000000000,50
7,16,0.40909090909090909091,22
7,17,0.60000000000000000000,15
7,18,0.78571428571428571429,14
7,19,0.50000000000000000000,6
7,20,0.00000000000000000000,3
7,21,1.00000000000000000000,4
8,-17,1.00000000000000000000,1
8,-14,0.00000000000000000000,1
8,-13,0.33333333333333333333,3
8,-12,0.00000000000000000000,3
8,-11,0.33333333333333333333,9
8,-10,0.35714285714285714286,14
8,-9,0.27777777777777777778,18
8,-8,0.20000000000000000000,25
8,-7,0.35135135135135135135,37
8,-6,0.28358208955223880597,67
8,-5,0.30555555555555555556,108
8,-4,0.27624309392265193370,181
8,-3,0.35078534031413612565,382
8,-2,0.35483870967741935484,589
8,-1,0.39801980198019801980,1010
8,0,0.41541916167664670659,1336
8,1,0.45369211514392991239,1598
8,2,0.47396176664469347396,1517
8,3,0.53080568720379146919,1477
8,4,0.52363090772693173293,1333
8,5,0.55902777777777777778,1152
8,6,0.53306613226452905812,998
8,7,0.54942233632862644416,779
8,8,0.54179566563467492260,646
8,9,0.58482142857142857143,448
8,10,0.63917525773195876289,291
8,11,0.62176165803108808290,193
8,12,0.67479674796747967480,123
8,13,0.59523809523809523810,84
8,14,0.65957446808510638298,47
8,15,0.54054054054054054054,37
8,16,0.77272727272727272727,22
8,17,0.63636363636363636364,11
8,18,0.60000000000000000000,10
8,19,0.83333333333333333333,6
8,20,0.66666666666666666667,6
8,21,1.00000000000000000000,2
8,23,1.00000000000000000000,1
9,-17,0.00000000000000000000,1
9,-12,0.00000000000000000000,1
9,-11,0.00000000000000000000,1
9,-10,0.33333333333333333333,3
9,-9,0.54545454545454545455,11
9,-8,0.07692307692307692308,13
9,-7,0.30000000000000000000,30
9,-6,0.29310344827586206897,58
9,-5,0.31395348837209302326,86
9,-4,0.37226277372262773723,137
9,-3,0.34433962264150943396,212
9,-2,0.39436619718309859155,426
9,-1,0.43166666666666666667,600
9,0,0.43055555555555555556,792
9,1,0.47556008146639511202,982
9,2,0.49844236760124610592,963
9,3,0.50716648291069459757,907
9,4,0.49120603015075376884,796
9,5,0.52785515320334261838,718
9,6,0.52787456445993031359,574
9,7,0.57256461232604373757,503
9,8,0.58482142857142857143,448
9,9,0.53939393939393939394,330
9,10,0.54008438818565400844,237
9,11,0.65116279069767441860,172
9,12,0.62595419847328244275,131
9,13,0.59493670886075949367,79
9,14,0.75000000000000000000,52
9,15,0.67741935483870967742,31
9,16,0.60000000000000000000,20
9,17,0.54545454545454545455,11
9,18,0.53333333333333333333,15
9,19,0.75000000000000000000,4
9,20,1.00000000000000000000,2
9,21,0.80000000000000000000,5
9,23,1.00000000000000000000,1
9,27,0.00000000000000000000,1
10,-14,0.00000000000000000000,1
10,-11,0.00000000000000000000,1
10,-10,0.50000000000000000000,2
10,-9,0.00000000000000000000,3
10,-8,0.10000000000000000000,10
10,-7,0.25000000000000000000,16
10,-6,0.14285714285714285714,21
10,-5,0.18965517241379310345,58
10,-4,0.34939759036144578313,83
10,-3,0.37333333333333333333,150
10,-2,0.37867647058823529412,272
10,-1,0.38888888888888888889,378
10,0,0.41965973534971644612,529
10,1,0.44639718804920913884,569
10,2,0.53658536585365853659,574
10,3,0.50868055555555555556,576
10,4,0.51204819277108433735,498
10,5,0.51529411764705882353,425
10,6,0.56986301369863013699,365
10,7,0.57692307692307692308,338
10,8,0.63917525773195876289,291
10,9,0.54008438818565400844,237
10,10,0.62857142857142857143,210
10,11,0.64383561643835616438,146
10,12,0.70588235294117647059,102
10,13,0.65333333333333333333,75
10,14,0.72727272727272727273,44
10,15,0.77500000000000000000,40
10,16,0.70370370370370370370,27
10,17,0.71428571428571428571,14
10,18,0.61538461538461538462,13
10,19,0.66666666666666666667,3
10,20,0.66666666666666666667,3
10,21,0.50000000000000000000,2
10,22,1.00000000000000000000,1
10,28,1.00000000000000000000,1
11,-12,0.00000000000000000000,1
11,-10,0.00000000000000000000,3
11,-9,0.25000000000000000000,4
11,-8,0.14285714285714285714,7
11,-7,0.18750000000000000000,16
11,-6,0.53846153846153846154,13
11,-5,0.21052631578947368421,38
11,-4,0.39682539682539682540,63
11,-3,0.30188679245283018868,106
11,-2,0.45197740112994350282,177
11,-1,0.38400000000000000000,250
11,-0,0.43161094224924012158,329
11,1,0.51822916666666666667,384
11,2,0.47951807228915662651,415
11,3,0.56910569105691056911,369
11,4,0.55271565495207667732,313
11,5,0.54785478547854785479,303
11,6,0.53874538745387453875,271
11,7,0.58921161825726141079,241
11,8,0.62176165803108808290,193
11,9,0.65116279069767441860,172
11,10,0.64383561643835616438,146
11,11,0.59016393442622950820,122
11,12,0.74683544303797468354,79
11,13,0.78125000000000000000,64
11,14,0.66666666666666666667,45
11,15,0.84210526315789473684,19
11,16,0.75000000000000000000,16
11,17,0.47368421052631578947,19
11,18,0.87500000000000000000,8
11,19,0.71428571428571428571,7
11,20,0.50000000000000000000,2
11,21,1.00000000000000000000,1
11,24,0.00000000000000000000,2
11,25,0.00000000000000000000,1
12,-10,0.00000000000000000000,1
12,-9,0.20000000000000000000,5
12,-8,0.00000000000000000000,4
12,-7,0.75000000000000000000,4
12,-6,0.62500000000000000000,8
12,-5,0.26086956521739130435,23
12,-4,0.30303030303030303030,33
12,-3,0.32876712328767123288,73
12,-2,0.38532110091743119266,109
12,-1,0.45685279187817258883,197
12,-0,0.46037735849056603774,265
12,1,0.49077490774907749077,271
12,2,0.52416356877323420074,269
12,3,0.51674641148325358852,209
12,4,0.52763819095477386935,199
12,5,0.57608695652173913043,184
12,6,0.62264150943396226415,159
12,7,0.56296296296296296296,135
12,8,0.67479674796747967480,123
12,9,0.62595419847328244275,131
12,10,0.70588235294117647059,102
12,11,0.74683544303797468354,79
12,12,0.61764705882352941176,68
12,13,0.71186440677966101695,59
12,14,0.66666666666666666667,39
12,15,0.50000000000000000000,20
12,16,0.66666666666666666667,12
12,17,0.42857142857142857143,7
12,19,1.00000000000000000000,2
12,20,1.00000000000000000000,3
12,21,1.00000000000000000000,1
12,23,1.00000000000000000000,1
13,-11,1.00000000000000000000,2
13,-8,0.00000000000000000000,2
13,-7,0.66666666666666666667,3
13,-6,0.00000000000000000000,6
13,-5,0.53846153846153846154,13
13,-4,0.26315789473684210526,19
13,-3,0.42500000000000000000,40
13,-2,0.34666666666666666667,75
13,-1,0.40151515151515151515,132
13,0,0.48295454545454545455,176
13,1,0.47619047619047619048,189
13,2,0.45783132530120481928,166
13,3,0.52777777777777777778,144
13,4,0.52500000000000000000,120
13,5,0.50943396226415094340,106
13,6,0.61538461538461538462,78
13,7,0.60215053763440860215,93
13,8,0.59523809523809523810,84
13,9,0.59493670886075949367,79
13,10,0.65333333333333333333,75
13,11,0.78125000000000000000,64
13,12,0.71186440677966101695,59
13,13,0.80000000000000000000,30
13,14,0.80000000000000000000,30
13,15,0.72727272727272727273,22
13,16,0.42857142857142857143,7
13,17,0.62500000000000000000,8
13,18,0.40000000000000000000,5
13,19,1.00000000000000000000,5
13,20,1.00000000000000000000,2
13,21,0.66666666666666666667,3
14,-11,0.00000000000000000000,1
14,-9,0.00000000000000000000,1
14,-7,0.25000000000000000000,4
14,-6,0.25000000000000000000,4
14,-5,0.33333333333333333333,9
14,-4,0.30000000000000000000,10
14,-3,0.40000000000000000000,20
14,-2,0.49019607843137254902,51
14,-1,0.42500000000000000000,80
14,0,0.46017699115044247788,113
14,1,0.48031496062992125984,127
14,2,0.51724137931034482759,116
14,3,0.61165048543689320388,103
14,4,0.56470588235294117647,85
14,5,0.63829787234042553191,94
14,6,0.63380281690140845070,71
14,7,0.62264150943396226415,53
14,8,0.65957446808510638298,47
14,9,0.75000000000000000000,52
14,10,0.72727272727272727273,44
14,11,0.66666666666666666667,45
14,12,0.66666666666666666667,39
14,13,0.80000000000000000000,30
14,14,0.66666666666666666667,18
14,15,0.66666666666666666667,15
14,16,0.61538461538461538462,13
14,17,0.66666666666666666667,3
14,18,0.57142857142857142857,7
14,19,1.00000000000000000000,1
14,20,1.00000000000000000000,3
14,22,0.00000000000000000000,1
14,24,1.00000000000000000000,1
15,-8,0.00000000000000000000,1
15,-6,0.75000000000000000000,4
15,-5,0.50000000000000000000,6
15,-4,0.28571428571428571429,7
15,-3,0.37500000000000000000,16
15,-2,0.28000000000000000000,25
15,-1,0.44736842105263157895,38
15,0,0.43750000000000000000,48
15,1,0.47560975609756097561,82
15,2,0.50000000000000000000,72
15,3,0.52500000000000000000,80
15,4,0.53333333333333333333,60
15,5,0.67307692307692307692,52
15,6,0.60714285714285714286,56
15,7,0.54000000000000000000,50
15,8,0.54054054054054054054,37
15,9,0.67741935483870967742,31
15,10,0.77500000000000000000,40
15,11,0.84210526315789473684,19
15,12,0.50000000000000000000,20
15,13,0.72727272727272727273,22
15,14,0.66666666666666666667,15
15,15,0.80000000000000000000,10
15,16,0.87500000000000000000,8
15,17,0.66666666666666666667,3
15,18,1.00000000000000000000,3
15,19,1.00000000000000000000,2
15,22,1.00000000000000000000,1
15,23,1.00000000000000000000,1
16,-6,1.00000000000000000000,1
16,-5,0.00000000000000000000,2
16,-4,0.44444444444444444444,9
16,-3,0.53846153846153846154,13
16,-2,0.62500000000000000000,16
16,-1,0.52000000000000000000,25
16,0,0.47368421052631578947,38
16,1,0.34883720930232558140,43
16,2,0.48000000000000000000,50
16,3,0.50000000000000000000,32
16,4,0.54285714285714285714,35
16,5,0.67567567567567567568,37
16,6,0.80000000000000000000,20
16,7,0.40909090909090909091,22
16,8,0.77272727272727272727,22
16,9,0.60000000000000000000,20
16,10,0.70370370370370370370,27
16,11,0.75000000000000000000,16
16,12,0.66666666666666666667,12
16,13,0.42857142857142857143,7
16,14,0.61538461538461538462,13
16,15,0.87500000000000000000,8
16,16,1.00000000000000000000,6
16,17,1.00000000000000000000,2
16,18,1.00000000000000000000,2
16,19,1.00000000000000000000,1
16,20,1.00000000000000000000,2
16,22,1.00000000000000000000,1
17,-10,0.00000000000000000000,1
17,-5,0.00000000000000000000,2
17,-4,0.20000000000000000000,5
17,-3,0.50000000000000000000,2
17,-2,0.50000000000000000000,2
17,-1,0.22222222222222222222,9
17,0,0.48000000000000000000,25
17,1,0.38888888888888888889,18
17,2,0.51851851851851851852,27
17,3,0.42857142857142857143,21
17,4,0.73684210526315789474,19
17,5,0.76000000000000000000,25
17,6,0.42857142857142857143,14
17,7,0.60000000000000000000,15
17,8,0.63636363636363636364,11
17,9,0.54545454545454545455,11
17,10,0.71428571428571428571,14
17,11,0.47368421052631578947,19
17,12,0.42857142857142857143,7
17,13,0.62500000000000000000,8
17,14,0.66666666666666666667,3
17,15,0.66666666666666666667,3
17,16,1.00000000000000000000,2
17,17,1.00000000000000000000,6
17,19,1.00000000000000000000,2
17,20,1.00000000000000000000,1
17,21,1.00000000000000000000,1
17,22,0.00000000000000000000,1
17,25,0.00000000000000000000,1
17,26,0.00000000000000000000,1
18,-9,1.00000000000000000000,1
18,-4,0.50000000000000000000,2
18,-2,0.33333333333333333333,3
18,-1,0.62500000000000000000,8
18,-0,0.50000000000000000000,6
18,1,0.58333333333333333333,12
18,2,0.33333333333333333333,12
18,3,0.61904761904761904762,21
18,4,0.77777777777777777778,9
18,5,0.36363636363636363636,11
18,6,0.33333333333333333333,9
18,7,0.78571428571428571429,14
18,8,0.60000000000000000000,10
18,9,0.53333333333333333333,15
18,10,0.61538461538461538462,13
18,11,0.87500000000000000000,8
18,13,0.40000000000000000000,5
18,14,0.57142857142857142857,7
18,15,1.00000000000000000000,3
18,16,1.00000000000000000000,2
18,18,0.00000000000000000000,2
18,19,1.00000000000000000000,2
18,20,0.00000000000000000000,1
18,26,1.00000000000000000000,1
19,-5,1.00000000000000000000,1
19,-4,0.00000000000000000000,1
19,-2,0.00000000000000000000,2
19,-1,0.50000000000000000000,2
19,0,1.00000000000000000000,1
19,1,0.14285714285714285714,7
19,2,0.50000000000000000000,4
19,3,0.37500000000000000000,8
19,4,0.55555555555555555556,9
19,5,0.37500000000000000000,8
19,6,0.80000000000000000000,5
19,7,0.50000000000000000000,6
19,8,0.83333333333333333333,6
19,9,0.75000000000000000000,4
19,10,0.66666666666666666667,3
19,11,0.71428571428571428571,7
19,12,1.00000000000000000000,2
19,13,1.00000000000000000000,5
19,14,1.00000000000000000000,1
19,15,1.00000000000000000000,2
19,16,1.00000000000000000000,1
19,17,1.00000000000000000000,2
19,18,1.00000000000000000000,2
19,20,1.00000000000000000000,1
19,21,1.00000000000000000000,1
19,23,0.00000000000000000000,1
19,26,1.00000000000000000000,1
20,-6,1.00000000000000000000,1
20,-2,0.00000000000000000000,1
20,-1,0.50000000000000000000,4
20,0,0.50000000000000000000,6
20,1,0.50000000000000000000,4
20,2,0.66666666666666666667,3
20,3,0.50000000000000000000,4
20,4,0.75000000000000000000,8
20,5,0.66666666666666666667,6
20,6,0.40000000000000000000,5
20,7,0.00000000000000000000,3
20,8,0.66666666666666666667,6
20,9,1.00000000000000000000,2
20,10,0.66666666666666666667,3
20,11,0.50000000000000000000,2
20,12,1.00000000000000000000,3
20,13,1.00000000000000000000,2
20,14,1.00000000000000000000,3
20,16,1.00000000000000000000,2
20,17,1.00000000000000000000,1
20,18,0.00000000000000000000,1
20,19,1.00000000000000000000,1
20,23,1.00000000000000000000,1
21,1,0.33333333333333333333,3
21,2,1.00000000000000000000,2
21,4,0.80000000000000000000,5
21,5,1.00000000000000000000,2
21,7,1.00000000000000000000,4
21,8,1.00000000000000000000,2
21,9,0.80000000000000000000,5
21,10,0.50000000000000000000,2
21,11,1.00000000000000000000,1
21,12,1.00000000000000000000,1
21,13,0.66666666666666666667,3
21,17,1.00000000000000000000,1
21,19,1.00000000000000000000,1
22,-3,1.00000000000000000000,1
22,-2,0.00000000000000000000,1
22,2,1.00000000000000000000,1
22,4,0.66666666666666666667,3
22,5,1.00000000000000000000,2
22,6,0.25000000000000000000,4
22,10,1.00000000000000000000,1
22,14,0.00000000000000000000,1
22,15,1.00000000000000000000,1
22,16,1.00000000000000000000,1
22,17,0.00000000000000000000,1
23,-1,0.00000000000000000000,1
23,8,1.00000000000000000000,1
23,9,1.00000000000000000000,1
23,12,1.00000000000000000000,1
23,15,1.00000000000000000000,1
23,19,0.00000000000000000000,1
23,20,1.00000000000000000000,1
24,-6,0.00000000000000000000,1
24,-3,1.00000000000000000000,1
24,1,1.00000000000000000000,1
24,2,1.00000000000000000000,1
24,3,0.00000000000000000000,1
24,5,0.00000000000000000000,1
24,11,0.00000000000000000000,2
24,14,1.00000000000000000000,1
25,11,0.00000000000000000000,1
25,17,0.00000000000000000000,1
26,-1,1.00000000000000000000,1
26,17,0.00000000000000000000,1
26,18,1.00000000000000000000,1
26,19,1.00000000000000000000,1
27,1,0.00000000000000000000,1
27,3,0.00000000000000000000,1
27,6,0.00000000000000000000,1
27,9,0.00000000000000000000,1
28,-2,1.00000000000000000000,1
28,10,1.00000000000000000000,1
30,2,0.00000000000000000000,1
31,-0,0.50000000000000000000,2
31,6,1.00000000000000000000,1
