"mean","t_ic_i","t_ic_s","median","w_ic_i","w_ic_s","count"
26.2958727280781,25.8594005881245,26.7323448680316,26.296762685499,25.8639275636251,26.7304596633897,452
26.9002162516392,26.4420814165067,27.3583510867717,27.0242606894177,26.5365043842298,27.507696144417,449
27.4161438710356,26.9632479370631,27.8690398050082,27.5259596402121,27.0655467117851,27.9930904804801,452
27.4790086204277,27.0491869881118,27.9088302527436,27.5741914057872,27.162929820238,27.9835522966397,451
28.1050870939422,27.6777312906591,28.5324428972253,28.1156197054568,27.7114582407579,28.5337455265316,410
28.3342824448303,27.9190485394449,28.7495163502158,28.3530692393047,27.9662243343234,28.7388525239465,389
28.6350645066273,28.2425542398164,29.0275747734382,28.6183529588786,28.2427912007605,29.0019472779351,374
28.9512467600361,28.5635639907713,29.3389295293009,28.9138663224666,28.5439852362908,29.2849144222637,363
29.1171241768907,28.725368328075,29.5088800257064,29.0732501201728,28.6883912136584,29.453406469983,356
29.058387059155,28.6662388441059,29.4505352742041,29.0427617573111,28.647866217553,29.4433096294371,351
29.2095537421097,28.8274650979334,29.591642386286,29.1678193314103,28.7939237029813,29.5487266451973,340
29.1674050212283,28.7691453075227,29.5656647349339,29.0781132204027,28.6952401827822,29.466341313463,332
29.1903126058822,28.817206215211,29.5634189965534,29.1210706856557,28.7503294596462,29.4887312410822,326
29.4432562604698,29.0735190341683,29.8129934867712,29.3617696070114,28.9950105646931,29.7223086541403,321
29.5218504085599,29.154757820778,29.8889429963417,29.4067783127957,29.0492572769164,29.7790767390216,314
29.5108511258232,29.1199556486148,29.9017466030315,29.4118507548755,29.043514604594,29.7780233533149,311
29.6011624562797,29.2111482700006,29.9911766425589,29.4763903139098,29.0932838546071,29.8605139940944,301
29.5102441811462,29.133942128319,29.8865462339733,29.4084845877658,29.0514058441829,29.7645233306459,299
29.4646850149493,29.0979500668209,29.8314199630777,29.3492053772259,28.9912174288677,29.7092482040866,294
29.5318754491781,29.161915286,29.9018356123562,29.490496215995,29.1378752058609,29.8518146730137,288
29.5913106739836,29.2140586370854,29.9685627108818,29.5470796886603,29.191690056336,29.9017776618804,281
29.6185019930551,29.2388882300268,29.9981157560834,29.5735497754195,29.2233495354456,29.930024176086,276
29.6560291944745,29.2756039458099,30.036454443139,29.6390740085789,29.2803332746232,29.9897855308884,274
29.7943507830824,29.4297478637666,30.1589537023982,29.7457522488501,29.3967405931175,30.1095739475356,267
29.860999659842,29.5036648121963,30.2183345074878,29.7879188976109,29.4365581764458,30.1588723551592,264
29.8819949299804,29.5132613258872,30.2507285340736,29.7706236134305,29.4074112362335,30.1441038481767,260
29.945224660126,29.5819759920025,30.3084733282495,29.8455060933617,29.4906666969657,30.2134946339007,258
29.969838658243,29.609369244229,30.3303080722571,29.9111571592534,29.5507529831378,30.2708660118761,251
30.1293167224196,29.7614077108474,30.4972257339918,29.9939076821584,29.6312605374207,30.3626994441503,245
30.1800509426719,29.8105510471727,30.5495508381711,30.022118940117,29.6653852999997,30.3925030140181,242
30.1643663262198,29.8032983651094,30.5254342873303,30.0387849834068,29.6873125922282,30.3928071802679,242
30.1423303715004,29.779595974651,30.5050647683499,30.049323607857,29.6804621367051,30.4054857965624,237
30.1340429992743,29.7829798701776,30.485106128371,30.0724325629781,29.7225077148712,30.4113789892881,237
30.1840401391881,29.8266491231726,30.5414311552035,30.1343490413091,29.7735530540187,30.4841928328953,235
30.2585154257961,29.89880335893,30.6182274926623,30.2353062509175,29.8716793461479,30.5928936611865,233
30.2872370771173,29.9335961366521,30.6408780175825,30.2440904767599,29.8965903223186,30.5913852306333,231
30.3249632746268,29.9548587797408,30.6950677695129,30.2994092004221,29.9418613079617,30.6688160920854,231
30.3818619409899,29.9780626975917,30.7856611843881,30.3461005776321,29.9552202047475,30.7379510033052,227
30.4149088845342,30.0076430436718,30.8221747253966,30.3612959815869,29.9727644339983,30.7504156305814,225
30.4404683299013,30.0238406382273,30.8570960215753,30.3625466568572,29.9786178903504,30.7445217726923,225
30.366359631628,29.9391045449188,30.7936147183372,30.3447852157165,29.9432575595806,30.7434792809732,225
30.5665362989567,30.1371869257342,30.9958856721792,30.4168380389417,30.0127634953612,30.814653224341,224
30.63961546899,30.1913536887437,31.0878772492364,30.4810712710291,30.0633761317753,30.8933869612622,221
30.6820653136041,30.2160863998919,31.1480442273163,30.49593323029,30.0843478754527,30.9135877967472,220
30.7118227199562,30.2499568569547,31.1736885829576,30.5403985028157,30.1292510617563,30.9553403449872,219
30.6066342881624,30.1618034604054,31.0514651159193,30.4180149541338,30.0335837914643,30.8145039301166,218
30.6088748754273,30.1561530524849,31.0615966983698,30.4071695359572,30.0116205726819,30.803829233782,216
30.4801115014814,30.0344045435885,30.9258184593743,30.3199377621268,29.917673995448,30.7296715184557,215
30.5874591285467,30.1300486282487,31.0448696288447,30.4264330323096,30.0239387023153,30.8386470672394,212
30.7377969055952,30.2810321304117,31.1945616807788,30.5572882661399,30.1487197356704,30.9665395309151,210
30.7999415998764,30.3368378361204,31.2630453636325,30.5899251306796,30.1673769606569,31.0255219552441,208
30.7471021618097,30.3185950025189,31.1756093211004,30.5930465686052,30.1935899681771,31.0076843487236,207
30.692083401648,30.2815996251434,31.1025671781527,30.6185334418584,30.1869559929565,31.0289651090754,204
30.6885455163875,30.2717571257544,31.1053339070206,30.5931000571844,30.1790375444325,31.0362599954713,200
30.6723041896061,30.2482555861602,31.096352793052,30.6750810159781,30.255029987095,31.0732075270739,197
30.8829168948642,30.4733120464965,31.2925217432319,30.8030506598398,30.3881917614727,31.1978387444073,193
30.7724673891031,30.3579054487159,31.1870293294904,30.7079763564975,30.2975095165004,31.1161945348871,192
30.8263987314135,30.4014850542575,31.2513124085696,30.7501022609627,30.3397440251754,31.1763666956659,192
30.8605145120816,30.4418462896952,31.2791827344679,30.7579933784119,30.3583322680426,31.1718925374843,190
30.975630727482,30.552850330005,31.398411124959,30.9025996120991,30.4967823100329,31.3070107100691,189
30.9770528239567,30.5414234790191,31.4126821688943,30.8473230941326,30.4366483867781,31.2586611954619,187
31.0466454327247,30.587526712116,31.5057641533335,30.8910804235304,30.4737229938095,31.300498224497,186
31.0297325103605,30.5809398873466,31.4785251333744,30.9218654592778,30.4933675009019,31.3331705624683,185
31.0472466315641,30.6187136074133,31.4757796557149,31.0049108537451,30.575026600098,31.4325766509874,184
31.0625276017492,30.6043209664963,31.520734237002,31.0107344367206,30.5715719660282,31.4496965694776,181
30.9800686446107,30.4846004225914,31.47553686663,30.8835739979793,30.3858349252465,31.3589788097746,177
31.0109293812091,30.4955426176826,31.5263161447356,30.9167624556037,30.416327969858,31.3916336818428,175
30.9750473734624,30.4558510425577,31.4942437043672,30.834886037836,30.3843172329536,31.3336733231691,173
31.1066651527122,30.5863066948779,31.6270236105465,30.8662727697627,30.4075781547558,31.3408370631027,172
31.176310105793,30.666895002735,31.6857252088511,30.9638087061283,30.4860819968275,31.4468722006977,172
31.1573945717884,30.6507287115005,31.6640604320763,30.9971212118674,30.4955158767301,31.4937698081223,172
31.2495733110105,30.7679967447699,31.7311498772512,31.0721832767647,30.584967080195,31.539759402015,171
31.2293917522082,30.7626168283313,31.6961666760851,31.0721886701598,30.6006306673195,31.5480513254269,171
31.2743529361573,30.8049234593871,31.7437824129275,31.0643013564201,30.6178275894351,31.5144620897474,171
31.2415573968811,30.7450829213247,31.7380318724374,31.0268996792853,30.5732667530744,31.5092187829828,169
31.2338312124521,30.7290044639829,31.7386579609213,31.0585762434952,30.5926000245565,31.5393154362124,167
31.3747762081349,30.8610364296793,31.8885159865906,31.1788383238866,30.7034140496812,31.6859928966005,166
31.3969906078774,30.8855108386028,31.9084703771521,31.2003553915286,30.7407016656552,31.6972281056261,164
31.3829685783604,30.8746079439837,31.891329212737,31.2152110873909,30.7597717865888,31.6902962885261,164
31.3470404080617,30.805766740734,31.8883140753894,31.2055587350772,30.7372181906088,31.68439549076,162
31.3827947959429,30.8656847416092,31.8999048502765,31.198298542446,30.7522967996409,31.6608033603444,161
31.5488738710576,31.0274635589136,32.0702841832016,31.3371422670013,30.8736102260916,31.799839489599,158
31.6074988169318,31.075318261514,32.1396793723497,31.389206270237,30.9180401971955,31.8681259799982,157
31.6187083436215,31.0831653076973,32.1542513795457,31.4282866371992,30.964955979548,31.9091506104491,158
31.6116383252803,31.0918137638117,32.1314628867488,31.3978480187984,30.9484381554545,31.8605940016592,157
31.5349078371539,31.000159837322,32.0696558369858,31.3052020852484,30.8672499652181,31.7476485613235,154
31.5491507843994,31.0179072789385,32.0803942898603,31.3190322835546,30.8837672124297,31.7589278895209,156
31.5857434462481,31.0380134531235,32.1334734393727,31.370527834433,30.9337204639616,31.832051856592,156
31.5281535055058,31.0256637508924,32.0306432601193,31.3731030901582,30.9424177170246,31.817158313595,154
31.5262963482156,31.01892448093,32.0336682155011,31.4063498062668,30.9867161155187,31.8472594957481,154
31.4026292794309,30.9127827546881,31.8924758041737,31.3252224019579,30.8878640492017,31.7647547078934,152
31.2784174429151,30.7955492890301,31.7612855968001,31.2108965161688,30.7894861530264,31.6476460128271,152
31.2712327986676,30.8138468059986,31.7286187913364,31.1595928121471,30.7469426171834,31.5980903110591,151
31.3506178451027,30.8990922303631,31.8021434598422,31.2298569081775,30.8182499278962,31.6564158233788,151
31.2616082350377,30.8138096520015,31.709406818074,31.1823683604876,30.7802604981481,31.5942120668469,151
31.1789386405437,30.7320672696846,31.6258100114028,31.1286026388223,30.7180237000717,31.5488764397118,151
31.13043842211,30.6797798139933,31.5810970302266,31.1094938269502,30.6954656223219,31.5443551357416,150
31.1712731920581,30.725833874274,31.6167125098422,31.1265402667326,30.7055069567346,31.5628247719261,148
31.0350138677497,30.5877821178258,31.4822456176735,31.0783043727162,30.6244154675794,31.4940774717229,147
31.221949129915,30.7551580627562,31.6887401970737,31.2794764251547,30.840271921883,31.696923024162,147
31.1851656583912,30.7254669786422,31.6448643381401,31.1731713957657,30.7147943637264,31.6194315195388,147
31.3296152208007,30.8761359222604,31.7830945193409,31.2664193075641,30.8128873002876,31.716251777546,145
31.3575090088556,30.889477352913,31.8255406647983,31.2631899352513,30.8111642266928,31.7044837353787,142
31.4010724185319,30.9332115187944,31.8689333182695,31.3192619430032,30.858326196125,31.7852376163562,141
31.4481787491362,31.0100365537348,31.8863209445376,31.3854915964221,30.9339519095218,31.824742286886,141
31.4631516433887,31.0234696608029,31.9028336259744,31.4496798617767,30.9829421830078,31.8837330464447,141
31.4154948510255,30.9696141805901,31.861375521461,31.3425354676384,30.9010461924583,31.8035100393043,141
31.3956968537645,30.9613703762834,31.8300233312457,31.3241120682221,30.8772165480627,31.7701929542671,141
31.4824870068493,31.0093382610425,31.9556357526561,31.3655224998811,30.8853523777855,31.8643464622136,138
31.5470867280921,31.0592135840711,32.0349598721131,31.4439063645545,30.9575131841068,31.9348430262504,139
31.4562162555748,31.0007391430035,31.9116933681461,31.4551749647522,30.9929750160012,31.9135776690342,139
31.4592381818496,30.9867716162116,31.9317047474877,31.4187668585161,30.9381917452753,31.9155435630934,139
31.5201651384949,31.0330283840029,32.007301892987,31.440794530599,30.95006410162,31.9175350571206,138
31.5527106577442,31.0680620504216,32.0373592650668,31.4736977903732,30.9871225131932,31.9625772307396,138
31.5031746556756,31.0173899976808,31.9889593136703,31.4091623734976,30.9537820076274,31.8709315006352,135
31.5064510321774,31.0124862227768,32.0004158415779,31.4046441013772,30.9319650053538,31.8818139704407,137
31.4284344151022,30.945432626393,31.9114362038114,31.3782909337951,30.9135485585269,31.863853896889,136
31.3799786338243,30.8937635677252,31.8661936999233,31.3053079243022,30.8365032846654,31.7712987451836,136
31.4010184901911,30.885578684225,31.9164582961572,31.2950141502853,30.7895322089739,31.7790498758323,135
31.3954495805185,30.8607092796783,31.9301898813588,31.3128952408607,30.8102198590566,31.7835827433837,135
31.6004846139711,31.0448581678137,32.1561110601285,31.4172233233969,30.9335722163373,31.9359086232536,135
31.6415634548793,31.0758173075995,32.207309602159,31.4279058978576,30.9473698994023,31.9613359577349,135
31.606852722623,31.0413970000794,32.1723084451665,31.4348205987661,30.9408337056438,31.928292900447,135
31.5578389082466,30.9863173310174,32.1293604854758,31.3750846740989,30.9041518875712,31.8641798284857,133
31.7507487663565,31.2061915214786,32.2953060112344,31.4657785898117,31.0011986661283,31.967789654425,131
31.6916357203588,31.1443466298061,32.2389248109115,31.4059732744,30.9337950450733,31.8976304382709,131
31.6627950740908,31.124515719426,32.2010744287557,31.4066768659394,30.951117214956,31.9041933009658,131
31.5237669422015,31.015426657711,32.0321072266921,31.3028255181878,30.8472826424309,31.7698640120478,131
31.4582810523992,30.967783259723,31.9487788450754,31.2690402525653,30.8210758773463,31.7628211610562,130
31.4127789209798,30.9118175519667,31.9137402899929,31.2046629478372,30.7464243018115,31.6655559469022,129
31.3458021936643,30.8125885280822,31.8790158592465,31.1231444241105,30.6482659327961,31.6555322495265,129
31.4104567109921,30.8876007839322,31.9333126380521,31.2127770745548,30.7843647585978,31.7000010500448,127
31.4338468493238,30.9079811119208,31.9597125867268,31.226229866404,30.7567661446684,31.7479881246176,126
31.4547057076881,30.9297377163325,31.9796736990437,31.2324148142936,30.7806393378264,31.7511714052565,126
31.39476780886,30.8745841739431,31.9149514437769,31.2121150219956,30.7256057290315,31.7671291233799,125
31.5496349431718,31.033209627539,32.0660602588046,31.3252289199855,30.8345035094065,31.9056135611227,124
31.5873456689815,31.0792761701304,32.0954151678325,31.3776606736036,30.8886979792553,31.9096885446793,124
31.4424554967301,30.9194019952222,31.965508998238,31.2176949388067,30.7473878794109,31.7464007940572,123
31.466923038239,30.9605651200274,31.9732809564506,31.2378757917095,30.7816523070207,31.7188021089706,123
31.4079543505727,30.9094552941943,31.9064534069512,31.1979001710709,30.7511826957036,31.6813221427398,121
31.4963254506512,31.0011135871941,31.9915373141083,31.3063555362628,30.878534163763,31.7722048911799,121
31.55747980638,31.055954862547,32.059004750213,31.3291437652639,30.9121072346943,31.7877647729736,120
31.7042876037269,31.1895773937879,32.2189978136659,31.502707399261,31.0490796878456,31.9804074787568,119
31.5912583145765,31.0672118162953,32.1153048128576,31.3711145356138,30.93165160789,31.8464152648244,119
31.4681107254924,30.9509933943028,31.9852280566821,31.2937292547069,30.8361548793806,31.7798341460074,119
31.5576149191328,31.0401981318583,32.0750317064073,31.3330559695452,30.9094183252852,31.8390488060349,119
31.5571086539739,30.9948626930312,32.1193546149167,31.3959649326054,30.9134527584627,31.9379508316334,119
31.5341613484857,30.9745059293322,32.0938167676393,31.345648556744,30.8608066355146,31.8568281100774,119
31.6380255642449,31.0950221964382,32.1810289320517,31.3926101116133,30.9123267478163,31.923141162776,118
31.596822993606,31.0512908739015,32.1423551133105,31.4457051824808,30.960370926441,31.945445212364,117
31.698875812235,31.1509009366593,32.2468506878108,31.5907848593495,31.1138928537205,32.0702446411927,117
31.6510296805474,31.1056254704677,32.1964338906271,31.5132412302811,31.0827401029723,31.9735499191801,116
31.575239947206,31.070387374738,32.0800925196741,31.5432561527442,31.0933843538034,32.0095699395861,116
31.472483626731,30.9416095675645,32.0033576858975,31.4278053871713,30.9667832985352,31.9079837859555,116
31.5855738152078,31.074072124243,32.0970755061727,31.4817052416517,31.041999994352,31.9437027288035,115
31.6278590376261,31.0972985354322,32.15841953982,31.4798191065006,31.0087257945488,31.9654675557095,115
31.6087164407842,31.0497276688928,32.1677052126756,31.4414837551997,30.9685350904346,31.9281646185241,114
31.5702284642661,31.0463699765657,32.0940869519664,31.5011421154545,31.0428518063498,31.9699633479515,112
31.625348837842,31.1146229561327,32.1360747195513,31.5355758638057,31.0263851158997,32.0437786227027,112
31.6007069888009,31.0558906103919,32.1455233672099,31.441415910724,30.9487479760166,31.9650682922382,111
31.720453811445,31.1587729502441,32.282134672646,31.5875704617884,31.0835696800278,32.1137799866814,111
31.7331160420545,31.1856803448849,32.2805517392242,31.5098236457379,31.0081647423717,32.0592138521633,110
31.7085529422716,31.1462844109463,32.2708214735968,31.4876012618228,30.9485954544381,32.0213875334707,109
31.7012774385147,31.1250065062657,32.2775483707637,31.4640425173821,30.920847812374,32.0471294059372,109
31.583713488413,31.0432026606025,32.1242243162234,31.3849431551007,30.8123048175224,31.9533577483483,108
31.5337162022156,30.9404418748639,32.1269905295673,31.3548344717428,30.7242669632974,31.9924120977743,109
31.4236700877165,30.8108941188121,32.0364460566209,31.2622983301872,30.669255493994,31.8949377967286,109
31.6053206913776,31.0176928014384,32.1929485813167,31.4435913113487,30.7896352283812,32.0482279104464,107
31.6196014948067,31.0139528692757,32.2252501203377,31.4591085301953,30.817504069392,32.1056946229609,105
31.5297171498216,30.9553919962551,32.104042303388,31.3810936186216,30.7944398821492,31.9539455022784,102
31.5428097476204,30.9863572839463,32.0992622112945,31.3766342243535,30.8019979745463,31.9490652571416,103
31.4600658325802,30.8849410626777,32.0351906024827,31.2733058378199,30.6819471234332,31.8856536472311,101
31.452532314199,30.8430990600591,32.0619655683389,31.2638867711977,30.6977105889809,31.8753155030662,100
31.4562398379838,30.8463371557761,32.0661425201915,31.3371422564693,30.7396075585662,31.9693473790479,99
31.501423837596,30.9499436257495,32.0529040494424,31.315773350967,30.7767837989129,31.9338623884076,99
31.4970730825459,30.9231841923521,32.0709619727398,31.3124581070697,30.7328793179994,31.9305937964516,98
31.3260108162052,30.7737725470806,31.8782490853297,31.2268842402399,30.6840569940137,31.7696578673099,97
31.1859231705784,30.6159439424242,31.7559023987325,31.0958479144034,30.5650132999604,31.6514050908264,97
31.2155860996938,30.6325765432743,31.7985956561133,31.1631628814921,30.6606018594898,31.7408749806198,97
31.0344992228333,30.4367519102982,31.6322465353685,31.0611426919755,30.5370107420301,31.6087286907484,96
31.0997727343957,30.4849611861659,31.7145842826256,31.1352120424059,30.5477198998985,31.7144649860656,94
31.0872366790277,30.46962703699,31.7048463210653,31.1154115684899,30.5103720212192,31.7134914763493,94
31.139036560486,30.5968451456088,31.6812279753632,31.0785002653888,30.564288936052,31.6023468252446,93
31.2086790979717,30.6488948984295,31.768463297514,31.1336688258311,30.6324871887614,31.700576752027,92
31.2516835517791,30.7110023722863,31.792364731272,31.1769658604714,30.6472975583279,31.738838827069,91
31.3007147009921,30.7423298062983,31.8590995956859,31.2646094237819,30.7339731633925,31.8470357788715,89
31.4627821158461,30.8703692341678,32.0551949975243,31.3769782149288,30.776005930089,31.9680021852055,89
31.4790074172682,30.9140834058852,32.0439314286512,31.390750627805,30.837247011329,31.9529074087618,88
31.5502812475682,30.9767371360192,32.1238253591172,31.4570566386493,30.9076582071536,32.0061326148915,88
31.5076658413437,30.9473421122378,32.0679895704496,31.4448912119999,30.851254839267,32.0194207078535,87
31.4987933279299,30.9413950052806,32.0561916505792,31.4296322731865,30.8606567179515,31.9774255298054,87
31.3829607553609,30.8111805622101,31.9547409485118,31.2766657247813,30.7063412295141,31.9039412632159,87
31.338454925893,30.7406948658368,31.9362149859493,31.2304253184096,30.6400746533277,31.8683296756136,86
31.2396875799023,30.6298523987328,31.8495227610719,31.1285342414985,30.5650728018461,31.776031848346,86
31.3128792409163,30.7024922014804,31.9232662803521,31.2305891421714,30.6799809729172,31.8245403457042,86
31.5189460021506,30.9079325209771,32.1299594833241,31.4369133181363,30.8959281887381,32.0112151638986,85
31.4312398455976,30.7804079154495,32.0820717757458,31.321826515234,30.7395042399916,31.9344437603171,85
31.3518490857082,30.6599198679945,32.0437783034219,31.315094113069,30.6980166046432,31.9659904081168,85
31.3880974276647,30.697326835476,32.0788680198534,31.3445517332758,30.7463053042087,31.9977231869834,85
31.241493794,30.5748992090773,31.9080883789227,31.2602336430949,30.704605336052,31.854949668203,84
31.3194239416671,30.6404831333349,31.9983647499992,31.3370531030869,30.7850337035927,31.9125348992869,85
31.2938027005857,30.630632569183,31.9569728319884,31.3359144728611,30.7610544465658,31.8744865449897,84
31.2397707485035,30.5838912225456,31.8956502744614,31.3196266760009,30.729154561026,31.8819065266904,85
31.4602876653131,30.9131326311704,32.0074426994558,31.4388562791563,30.8586742839707,31.9836371757405,84
31.4189090976869,30.8808728770966,31.9569453182772,31.4288150491443,30.8512057825137,31.9575586925904,84
31.522968776794,30.9854513304615,32.0604862231266,31.527351021506,30.9521634955549,32.0651192676729,84
31.5751221878071,31.0313601098959,32.1188842657184,31.5188155475357,30.9930284495032,32.1039005213182,84
31.5710971458679,31.041991397289,32.1002028944467,31.4962399081706,30.9824962804893,32.0729887104744,84
31.5394235032238,31.0195565909797,32.0592904154679,31.4874062171035,30.961715639083,32.0368558624127,84
31.3928075387738,30.8805897606144,31.9050253169332,31.4004705504686,30.8523399492262,31.9351813364578,84
31.3673183748321,30.8577311597752,31.8769055898891,31.3726091138404,30.8408983645804,31.9238394775899,84
31.4281643235083,30.9100223134023,31.9463063336143,31.4120522148287,30.8626676002043,31.9825503122591,84
31.427930994881,30.9029417855476,31.9529202042144,31.4454598697892,30.8876649656341,31.9948742854931,84
31.4079808906202,30.8780682900754,31.9378934911651,31.4191632928319,30.8403172964828,31.9736964778061,84
31.4557134285927,30.9217679386469,31.9896589185384,31.452611739395,30.9040788871666,32.0386010431824,82
31.4279613072679,30.883373820447,31.9725487940888,31.4062840783352,30.8426030600593,31.9856658833289,81
31.4032957673138,30.8424452210478,31.9641463135797,31.3871782959235,30.7900908584824,32.0003452016067,80
31.40928963231,30.8326542959061,31.9859249687139,31.4363028169941,30.7872307344721,32.0370888901886,80
31.4294828321575,30.8358592446738,32.0231064196412,31.4541662297788,30.8250577250842,32.0773397312876,80
31.4894993066812,30.8668056838853,32.1121929294772,31.4118034892455,30.76018094479,32.0895324839494,80
31.5703493128835,30.9241663422814,32.2165322834857,31.4575262689621,30.8141759486531,32.1215346109495,79
31.520593200435,30.9289545549436,32.1122318459264,31.3795422417767,30.7934300232286,32.0030320144673,80
31.4637514075125,30.8460196966032,32.0814831184219,31.352961336717,30.7374926125223,31.9687830557099,80
31.4045332808263,30.7617281902285,32.047338371424,31.2959032580781,30.6630028965527,31.9606327726977,80
31.5164141041187,30.8391707351079,32.1936574731296,31.4005787699671,30.7576537154778,32.0496414922353,80
31.505248207974,30.7737531152865,32.2367433006615,31.3876302694714,30.7384625268231,32.0659963361824,77
31.4568512599141,30.7338491447396,32.1798533750886,31.3794196675852,30.7639625118461,32.0429194729545,78
31.5730730946935,30.9279080287559,32.2182381606311,31.4271660850355,30.8291233079906,32.0691778083694,77
31.4887536079013,30.8298338103524,32.1476734054501,31.4019890632531,30.8096777627247,32.0225154991477,78
31.4897184072949,30.8285834427842,32.1508533718056,31.3511858167879,30.7251256594835,31.9964711086777,78
31.5283477897039,30.8435526285264,32.2131429508814,31.4011851640392,30.7289146603924,32.0613794118787,77
31.6664030507658,30.9831077843227,32.3496983172089,31.505466112592,30.8803216940982,32.1822238829336,76
31.6458525116934,30.964769903283,32.3269351201039,31.4921279680735,30.8500980475269,32.1499913229798,76
31.7180852779658,31.0223680944239,32.4138024615077,31.5784561107152,30.9476223058991,32.2420804365769,76
31.6834996768316,30.9407640161019,32.4262353375613,31.5341569803455,30.8783568504884,32.2240976853383,76
31.4690942504458,30.8155237229676,32.122664777924,31.5236298947782,30.8827553339454,32.1921485305194,72
31.4469820786597,30.7780494887378,32.1159146685817,31.5586024821667,30.9014979806461,32.1997527205408,72
31.4788858081819,30.8246428361672,32.1331287801966,31.5989671135482,30.9647930018104,32.2287881727564,72
31.54601724025,30.92486657974,32.16716790076,31.6316555725527,30.9725365824326,32.2418349334498,72
31.4833748508694,30.8320458140573,32.1347038876816,31.5992142919233,30.9557244038587,32.2447602861593,72
31.4551106217778,30.7904230956924,32.1197981478631,31.6236456615587,30.9806309780555,32.2248439553386,72
31.3531172963,30.6495215887761,32.0567130038239,31.4679995246841,30.8148689744686,32.1242309884923,70
31.4463412111225,30.7750540028072,32.1176284194378,31.5551655670898,30.9324648293201,32.1664236339934,71
31.5597529860521,30.9103622034764,32.2091437686278,31.6093608005581,30.9787425162673,32.2139999968839,71
31.6054544992972,30.9789226002118,32.2319863983825,31.5855262376976,31.0228966075192,32.2021520868346,71
31.5546651576577,30.9440615167785,32.165268798537,31.6290642254694,31.0206306689787,32.2218740281338,71
31.586293477893,30.9301102254859,32.2424767303,31.735888209899,31.1194112062603,32.32238348638,71
31.6430027932643,30.9944848399585,32.2915207465701,31.7960023489323,31.1972814534201,32.3682488993109,70
31.665542948913,31.0631708623596,32.2679150354665,31.7699828170545,31.1616835165361,32.3209394392771,69
31.7308843679871,31.1623188217412,32.299449914233,31.7566844396517,31.1722012847769,32.3485817994817,70
31.7342563143623,31.1433717501348,32.3251408785898,31.8338342615013,31.2484933239141,32.371840910426,69
31.6821710154986,31.0600486483483,32.3042933826488,31.8110744790979,31.2640614420998,32.3478263441324,69
31.6659901255942,31.0278472594753,32.3041329917131,31.7863352770692,31.2294658097867,32.3380332757472,69
31.6782539164382,31.0057518745072,32.3507559583693,31.8178732334185,31.2544020986013,32.3840250732939,68
31.9160704207284,31.3490861235464,32.4830547179103,31.9023156849765,31.3407128440893,32.4836778459263,67
31.9632624866731,31.3956535255683,32.530871447778,31.9168613348993,31.3358695511726,32.5167316522957,67
31.9530714826394,31.3784861437004,32.5276568215784,31.9065591508127,31.3386357436223,32.5030431778825,66
31.8638653558742,31.2791150815925,32.4486156301559,31.8195211554007,31.2240066363068,32.4385021905995,66
31.8229435254591,31.2261293981253,32.4197576527929,31.7962371359237,31.2100311508495,32.4339359500319,66
31.8406075861924,31.2619814843733,32.4192336880115,31.7603487936229,31.2093820591306,32.4038516382652,66
31.8282352081621,31.2610038509542,32.39546656537,31.7732382491766,31.1601623717714,32.3485487150693,66
31.760067313453,31.1755087621112,32.3446258647949,31.7221923993867,31.0967803194141,32.2738358724291,66
31.8079078241409,31.2545220664356,32.3612935818463,31.6987709654572,31.1458045821195,32.2974224623105,66
31.7788918026076,31.2182857159068,32.3394978893083,31.6565207888922,31.1113258953561,32.2299245707245,66
31.8085237807409,31.2387061806845,32.3783413807973,31.6688823097141,31.1358938475155,32.2695173586585,66
31.8921289735576,31.3220244915788,32.4622334555363,31.7572321428455,31.2224797539313,32.3234529904301,66
31.7767969848561,31.1800392436029,32.3735547261092,31.6245980332218,31.0674626222371,32.2681126303565,66
31.8780726390818,31.2939228404112,32.4622224377524,31.6950479543191,31.1581644612834,32.3562291008557,66
31.832155449097,31.2391159428974,32.4251949552965,31.6678048121135,31.0988508618986,32.2743071408836,66
31.81924199355,31.2038653637296,32.4346186233704,31.7034592399142,31.1329521329015,32.3059992863041,66
31.7786200061515,31.1613799415511,32.395860070752,31.6714715212713,31.1053915390045,32.2573269337152,66
31.9344388868773,31.3466439789834,32.5222337947712,31.7990593975063,31.1968951183469,32.4683685194903,66
31.7668078578182,31.1992087443415,32.3344069712948,31.6402749176837,31.0673736026046,32.2565822720692,66
31.8666762652015,31.2984246502391,32.4349278801639,31.7383874955298,31.1828394968797,32.3584991408542,66
31.8395800556515,31.2710057395855,32.4081543717176,31.7012678078647,31.1219772642467,32.3261472857483,66
31.7548124540908,31.1659588799974,32.3436660281842,31.6115474035522,31.075875945757,32.1845515500598,65
31.81132276576,31.2587895488487,32.3638559826713,31.7229176046826,31.211610097889,32.2311809524928,65
31.8713318650203,31.3065937384351,32.4360699916056,31.7958078193564,31.2398848278031,32.3584849235597,64
31.8741045115453,31.2843068712858,32.4639021518048,31.7717717407376,31.1975065410516,32.3883018526542,64
31.7996206555687,31.2380691202713,32.3611721908661,31.6983214574067,31.1405352050233,32.3216623202028,64
31.8345346285219,31.2991259209831,32.3699433360607,31.7691081640808,31.2558191371518,32.3709988336082,64
31.8877916183937,31.3240634670709,32.4515197697166,31.8194194682617,31.2428126201978,32.4476896119045,64
31.8843063602422,31.3185875760028,32.4500251444816,31.8176459453711,31.2145105725314,32.4087528952009,64
31.7414394978656,31.2251893452539,32.2576896504773,31.7110665605622,31.1657151359235,32.2286197422759,64
31.75561195455,31.2155217499075,32.2957021591925,31.7634089727678,31.1336007536,32.2472030791592,64
31.8098334218188,31.2526838824433,32.3669829611942,31.7329340711435,31.1454582675113,32.2537123615767,64
31.8508014673127,31.2864373804771,32.4151655541483,31.7667820911675,31.1960116782402,32.2842047755056,63
31.7294005111905,31.2028074565085,32.2559935658724,31.6992777877934,31.1355907493958,32.2647789944938,63
31.6707739459222,31.1508393327854,32.1907085590591,31.5978509870805,31.0531803238562,32.1705342021779,63
31.4054698811921,30.8157950907816,31.9951446716025,31.3844695950872,30.8243527784684,31.9678023131393,63
31.4743132847524,30.8678664669804,32.0807601025244,31.4911959120106,30.9621684404949,32.0565183142282,63
31.3174038065565,30.5900577115065,32.0447499016064,31.4723145271842,30.911931059821,32.0446275717953,62
31.6067407148213,30.9201196410046,32.293361788638,31.6890824534288,31.1339976617431,32.2573163238482,61
31.5397532552164,30.8273229261178,32.252183584315,31.6544092141555,31.1546403032357,32.2658274090856,61
31.6234991802283,30.9643365688763,32.2826617915804,31.6763228145772,31.1350950872706,32.2482592070858,60
31.74391429582,31.1345916037384,32.3532369879016,31.7983892621091,31.1787002767502,32.3608784377487,60
31.7658843094633,31.1446596526977,32.387108966229,31.7764591296051,31.1665205035968,32.3747672513084,60
31.7852643351133,31.1900867208716,32.380441949355,31.78930206566,31.2002578901475,32.4066173819914,60
31.8558619925367,31.2625388367263,32.449185148347,31.8758608097267,31.2576013797018,32.4694092055245,60
31.781960924835,31.1784342317928,32.3854876178772,31.8228120543289,31.2207047891193,32.3866468106962,60
31.8176161007867,31.2362037079237,32.3990284936496,31.8536861617175,31.2462643122651,32.4041639814507,60
31.7932208685119,31.1905412744813,32.3959004625425,31.8583294170181,31.2384774856093,32.4326171777311,59
31.8195023357707,31.1747413507678,32.4642633207736,31.9040821953245,31.2395912200411,32.5103507183081,58
31.8076046585483,31.1510261151817,32.4641832019149,31.9065224750343,31.2734762806046,32.5207859881391,58
31.8129898997586,31.1572288828707,32.4687509166466,31.89272561406,31.2681778661958,32.482084498386,58
31.8046467738621,31.1731603689723,32.4361331787518,31.8787370672138,31.2615105576649,32.4541528346028,58
31.8289140136483,31.1908817336963,32.4669462936002,31.890229819824,31.2870839441684,32.4903589526861,58
31.9674947643036,31.3931201794902,32.541869349117,31.9268814583199,31.3056521386666,32.5280483262316,56
31.9613711751857,31.3929095194495,32.5298328309219,31.924791739649,31.3237184653098,32.496186182395,56
31.9912932075143,31.4344907951812,32.5480956198473,31.9803093185607,31.3952506679004,32.5419765946053,56
31.9364943504464,31.3978692284894,32.4751194724034,31.9271136383329,31.3604314158119,32.4513948320459,56
32.0353827400947,31.474849850856,32.5959156293335,32.02303168603,31.4362949443338,32.6020697913375,57
32.0000068932754,31.4398238823457,32.5601899042052,32.0028690806876,31.3986654881895,32.5492015351725,57
32.0501168323589,31.4714010686323,32.6288325960856,32.0682892669788,31.4357071556109,32.6343862661599,56
32.06959148522,31.4891970363366,32.6499859341034,32.0489672871162,31.4504784307084,32.6449578755932,55
32.0509677347741,31.4904210757733,32.6115143937749,32.075935034929,31.4566642847342,32.625386445751,54
32.1408176418745,31.5562935661169,32.7253417176322,32.1445423642385,31.4925076751905,32.6828026313957,55
32.1583818728527,31.5570057375705,32.7597580081349,32.1097636637642,31.4475175558816,32.7653509276585,55
32.2124884035491,31.6104082012927,32.8145686058055,32.1719321388681,31.4987869855477,32.8114453653243,55
32.1939314374764,31.5945893850396,32.7932734899131,32.1260432338844,31.4903863475175,32.7905112010821,55
32.1789153685182,31.5710763190408,32.7867544179956,32.1134749999927,31.4739991950431,32.7778847220328,55
32.0988396462727,31.4779974845049,32.7196818080406,32.0155270783191,31.3657557421128,32.6967736523096,55
32.0808524690982,31.4527590651041,32.7089458730923,32.055593923515,31.3884631647255,32.7027064093445,55
32.0514784520945,31.4139140417976,32.6890428623915,32.0096371866589,31.331475230339,32.6947445688339,55
31.9611113197091,31.3254016440167,32.5968209954015,31.9252047784887,31.2423632212996,32.5723542586887,55
31.9500568152364,31.2996413798642,32.6004722506085,31.8976953623907,31.2465470823004,32.5714447873769,55
31.9545779546778,31.2793217780996,32.629834131256,31.8956096417702,31.2173982485281,32.561827541464,54
31.8445365520019,31.1621801670768,32.5268929369271,31.7623935928621,31.095413342939,32.3903851881619,52
31.9612809200377,31.2422282231142,32.6803336169613,31.7844263441174,31.1356740622084,32.4762624241275,53
31.8804071547113,31.2171230095756,32.543691299847,31.7572460366241,31.1309122000522,32.4311798987248,53
31.7513603752264,31.118130746235,32.3845900042178,31.6321068202161,31.0361891430001,32.3213837697639,53
31.7320176218679,31.113891200833,32.3501440429028,31.6377864782319,31.0493066063864,32.2712268027444,53
31.649663043834,31.0276142316198,32.2717118560481,31.5437726880708,30.9441903102928,32.1830215870954,53
31.7635578556057,31.1335887064441,32.3935270047672,31.6772506570743,31.0766363840964,32.3179330185303,53
31.6978036820442,31.0806822845483,32.3149250795401,31.635413842923,31.0368639289175,32.2872229617644,52
31.7983615266717,31.1510390638547,32.4456839894887,31.7034135651973,31.0358750047979,32.3854613263755,53
31.7319625930226,31.0536402682066,32.4102849178387,31.6186925428105,30.9504754258112,32.3246204094681,53
31.5732837455808,30.9488404084959,32.1977270826656,31.5085653977379,30.8425138907809,32.1835481217667,52
31.6560190365585,31.0065110299021,32.3055270432149,31.5491192484097,30.8887887761721,32.260408595655,53
31.7429837178264,31.1249255251308,32.361041910522,31.6940177984738,31.0572368074002,32.3575040171169,53
31.5667117120462,30.9822973301378,32.1511260939545,31.551580574652,30.9729831135083,32.1947838660952,52
31.7272854605566,31.1038122274737,32.3507586936395,31.6497506588326,31.0127641512192,32.2857519244711,53
31.8510271475038,31.2055215754413,32.4965327195664,31.7801760173892,31.1585860978354,32.4266109956827,52
31.7425521976577,31.1328148000924,32.352289595223,31.711559338759,31.1028408613643,32.3418711153184,52
31.7433905854327,31.1468101679324,32.339971002933,31.7314096090506,31.0680538387629,32.3523450386344,52
31.7350865944673,31.1269352682707,32.3432379206639,31.7042326775152,31.04977716568,32.3360873415301,52
31.7144760402255,31.1315015388661,32.2974505415849,31.6979308015779,31.0465993789048,32.305132688041,51
31.7423743947481,31.1242977578722,32.3604510316239,31.5910421480573,31.0020328954924,32.2497358535777,52
31.7283935390827,31.1187094472987,32.3380776308667,31.6195354686636,31.0074538541754,32.2644792507466,52
31.7494950961462,31.1376169365395,32.3613732557528,31.6783595861926,31.0468161225268,32.3090625531852,52
31.649655787608,31.0559370446344,32.2433745305816,31.5785095794331,30.9935281150506,32.2009927672317,50
31.608873436484,31.018745142346,32.199001730622,31.5610816474675,30.924378298699,32.1464247342969,50
31.690899951002,31.052442251693,32.3293576503109,31.5569420903945,30.9166328361711,32.2185232617775,51
31.7638937048039,31.1176321759544,32.4101552336535,31.6014900746943,30.9963487895442,32.2298343344856,51
31.7530261789275,31.0836714618387,32.4223808960162,31.5871717277251,30.9658584256484,32.3593642597762,51
31.606272670858,30.9456420063195,32.2669033353965,31.5529787715609,30.8740419644997,32.2571235212428,50
31.6605844531245,30.9299571026596,32.3912118035894,31.58592318385,30.8831726903,32.3272636785,49
31.4875550995633,30.7647297730843,32.2103804260423,31.38833593845,30.73448886185,32.06705444015,49
31.5672349720771,30.8684824702184,32.2659874739358,31.42911489735,30.8182083437,32.06219677,48
31.6768285193646,30.9627115524363,32.3909454862928,31.546485488875,30.90300699085,32.18619349385,48
31.6858440120681,30.9350566364668,32.4366313876694,31.5378090083,30.8680513755,32.28332946145,47
31.7078893136761,30.9555090655653,32.4602695617868,31.584769312,30.8891712545,32.35144714695,46
31.6366862926,30.8569127840056,32.4164598011945,31.49705796765,30.7677991289,32.28231286195,45
31.6858114832311,30.8841129629703,32.4875100034919,31.51488869385,30.7931891967,32.29275590845,45
31.7376797353578,30.9063982986934,32.5689611720221,31.57715445415,30.7657331431,32.40011206885,45
31.8239312478311,30.990558447692,32.6573040479702,31.6681804628,30.8833858604,32.5070244895,45
31.6614520473711,30.8848694276379,32.4380346671043,31.53994100605,30.8424774823,32.4116746306,45
31.6666167018822,30.8624610232091,32.4707723805553,31.53208931355,30.7777214988,32.464546151,45
31.6885248764222,30.8935490018147,32.4835007510298,31.5634158234,30.8551950206,32.43059915155,45
31.7401193854867,30.9282160975799,32.5520226733934,31.61052745265,30.87466861665,32.46652479545,45
31.7893479946067,30.9912125610711,32.5874834281422,31.6557578996,30.94488158735,32.4927318254,45
31.8070501983111,31.0054312202412,32.608669176381,31.678685174,30.9511219409,32.5559595898,45
31.7622677846267,30.9799564197679,32.5445791494854,31.64137339805,30.90627209995,32.48186018985,45
31.6293671312378,30.9261678576565,32.3325664048191,31.54209311935,30.90628904715,32.4028443122,45
31.6963950332311,31.0020314426306,32.3907586238316,31.6488822655,30.96581608975,32.4593459132,45
31.6828535893911,30.976258463848,32.3894487149342,31.63843142875,30.92843132515,32.41379332675,45
31.7300846443244,31.0322382583724,32.4279310302765,31.64620388455,30.97068938495,32.4253299872,45
31.7260322097733,31.0429499900671,32.4091144294795,31.65042505595,31.00173633445,32.42934372465,45
31.7178923367667,31.0420485154908,32.3937361580426,31.6758465632,31.0177033564,32.41669804985,45
31.7218862215689,31.0406058697916,32.4031665733461,31.67140986535,31.00849334955,32.4261131171,45
31.6793249712133,30.9702002469596,32.388449695467,31.6099904555,30.9040213996,32.41410340225,45
31.6357023608356,30.9452083812894,32.3261963403817,31.60652647455,30.95261663465,32.4194562227,45
31.6241184123133,30.9294471399128,32.3187896847139,31.58595370735,30.89602244175,32.319872352,45
31.6264165286644,30.9075383206584,32.3452947366705,31.55187926775,30.8506310491,32.29416064305,45
31.5889087264778,30.8624554885509,32.3153619644047,31.51760761615,30.79380573225,32.27108428305,45
31.4463618952067,30.7163404076021,32.1763833828112,31.38282623765,30.62857299965,32.1297227455,45
31.414480005075,30.6535056054232,32.1754544047268,31.3330923057,30.5838504304,32.0315684286,44
31.4272117681409,30.6302218451837,32.2242016910981,31.352237542325,30.59660152175,32.129632455,44
31.4317956260955,30.5740408367076,32.2895504154833,31.31291790065,30.5458678414,32.15450714895,44
31.4226378064364,30.5371245820773,32.3081510307954,31.29589835535,30.5303884363,32.11753729845,44
31.457823955,30.6104645486672,32.3051833613328,31.2939090403,30.5312375263,32.1106253043,44
31.5034465078864,30.6186491721284,32.3882438436444,31.353050973825,30.5612914484,32.1987392825,44
31.5778202874045,30.6960230556534,32.4596175191556,31.39082269885,30.6490470265,32.2149278974,44
31.5378671722182,30.6043364434391,32.4713979009973,31.366407828,30.510384344,32.2770125537,44
31.5895426400159,30.6678864039744,32.5111988760574,31.3744810077,30.52709271725,32.2640808497,44
31.350473974975,30.5585122078208,32.1424357421292,31.30640677165,30.4778898653,32.1866934049,44
31.2856026727419,30.5976567020605,31.9735486434232,31.28478887115,30.53223017575,32.02374376605,43
31.2946844831907,30.6190109610712,31.9703580053102,31.28331317,30.53062435875,32.01358912635,43
31.3334453555256,30.6546940011739,32.0121967098772,31.317477090275,30.5855381182,32.0513327463,43
31.3009865484767,30.6053478802152,31.9966252167383,31.293507694925,30.55020365445,32.0321199978,43
31.3247661206488,30.6386248182404,32.0109074230573,31.3093933881,30.56278400015,32.0482985617,43
31.4031300826395,30.7165101619104,32.0897500033687,31.4054453073,30.67190738845,32.1346568267,43
31.2997281774907,30.6371461685636,31.9623101864178,31.28840068505,30.63746112165,32.01607358835,43
31.1997978968907,30.5658766519719,31.8337191418095,31.14295637945,30.51916682115,31.8349696109,43
31.0777584385,30.4026359610193,31.7528809159807,31.04891800715,30.41017466925,31.74516990385,43
30.9515428179442,30.2439875849289,31.6590980509595,30.941588743925,30.23256290815,31.66991645455,43
30.9689778739476,30.2246312312744,31.7133245166209,30.96681652925,30.226886924,31.7216862656,42
30.9921197110429,30.2173324239285,31.7669069981572,31.05070521165,30.27179358345,31.80333431275,42
30.9617591778786,30.160450607432,31.7630677483251,31.0113491179,30.16090336425,31.7949226473,42
31.0703758913619,30.2929598671811,31.8477919155428,31.066429309,30.35956974265,31.87745883655,42
31.1354911250952,30.3485220084288,31.9224602417617,31.13689909775,30.3884175881,31.95031961325,42
31.2055448739857,30.4779508067278,31.9331389412436,31.1806672086,30.4228950271,31.92284140465,42
31.3271157247561,30.5805767519722,32.07365469754,31.3165833738,30.5290097102,32.07888675135,41
31.3017596171756,30.5681018627729,32.0354173715783,31.2844590533,30.5067380454,32.05323269215,41
31.3297120215951,30.5959410548375,32.0634829883527,31.3513445596,30.5319513259,32.07565325875,41
31.4782593265756,30.7868745044689,32.1696441486823,31.52149337545,30.79923977365,32.20856293345,41
31.479936515678,30.7801682053372,32.1797048260189,31.48229691655,30.7598983745,32.19284695215,41
31.392120346661,30.6735337298541,32.1107069634679,31.3971682292,30.61343931485,32.2471956038,41
31.5160729149854,30.8086540740943,32.2234917558764,31.59103808515,30.8001372156,32.28125510105,41
31.4449863005146,30.7392862053316,32.1506863956977,31.5233852557,30.70480927795,32.21458543635,41
31.5233880342927,30.8041602565586,32.2426158120268,31.55778702985,30.80091905545,32.2678995621,41
31.5174565619219,30.791244422869,32.2436687009749,31.57043489415,30.79612991645,32.31974934845,41
31.4619528434854,30.7630425433703,32.1608631436005,31.5263566992,30.7712847211,32.23286462405,41
31.4583825107366,30.7656215756421,32.1511434458311,31.47298318925,30.79985484175,32.1923062852,41
31.4053243167707,30.6906546456053,32.1199939879361,31.43347351065,30.688199288,32.1507909105,41
31.36872675771,30.6440074344039,32.0934460810161,31.40177785085,30.6250067278,32.1300691557,40
31.1893864142128,30.4389843344863,31.9397884939393,31.197069473775,30.40049577735,31.97610791935,39
31.0873563026282,30.3453634036147,31.8293492016417,31.14339197505,30.30156330555,31.8331190519,39
31.1595060554,30.4428951146147,31.8761169961853,31.144229675575,30.4187250224,31.8826587051,39
31.1740094603538,30.4462917157249,31.9017272049828,31.227384393,30.41197879805,31.97347252205,39
31.1346965693359,30.4071820236469,31.8622111150248,31.117547159,30.3484623968,31.8861105787,39
31.0918609587897,30.3509497616203,31.8327721559592,31.050933020975,30.32803829435,31.8805412259,39
31.0703111215205,30.3502519383168,31.7903703047242,31.070879441175,30.32427830175,31.81608426655,39
31.1680950165923,30.4641380816312,31.8720519515534,31.166713650775,30.4548714277,31.898418693,39
31.1618311227,30.4628021784686,31.8608600669314,31.13607255155,30.4417198538,31.8807143068,39
31.1007474064846,30.3878605033812,31.8136343095881,31.085288511125,30.32531480945,31.84205648315,39
31.1121353807919,30.3583101816196,31.8659605799642,31.1211081486,30.3090621561,31.9411836333,37
31.0176101732306,30.2265674034751,31.808652942986,31.0589819743,30.2245644638,31.8963389281,36
30.976335510875,30.1859700730694,31.7667009486806,30.931287221175,30.14205941745,31.7641837628,36
31.1311536764514,30.3433702841522,31.9189370687507,31.13550984975,30.28668627725,31.94278610995,35
31.07451366404,30.2995867193275,31.8494406087525,31.071491719375,30.2945035132,31.8701344712,35
31.1074538371143,30.3324492964856,31.882458377743,31.06175719195,30.32494591155,31.9201358545,35
31.1894358080743,30.417574563116,31.9612970530325,31.191600461975,30.43807641465,31.9933879541,35
31.2480828815412,30.4564988290386,32.0396669340438,31.24894744475,30.48362302715,32.0698526652,34
31.2345983750765,30.4436045114394,32.0255922387136,31.23287974735,30.44671975335,32.0728992641,34
31.2195136122176,30.4191011534377,32.0199260709976,31.1673496027,30.38074784895,32.0603240491,34
31.3180694707588,30.5101419615661,32.1259969799515,31.2820454683,30.520624109,32.1572187979,34
31.2880160828441,30.4804421839648,32.0955899817235,31.24020175185,30.4924452746,32.1097585534,34
31.3233779147676,30.4993643118664,32.1473915176689,31.27802811435,30.5382506577,32.1668082513,34
31.3288059830206,30.4946190026506,32.1629929633906,31.32944340025,30.54994474155,32.24467338865,34
31.3367433862265,30.5061129520852,32.1673738203677,31.3546188512,30.50733286165,32.22516430655,34
31.2701430303853,30.4325842255043,32.1077018352663,31.30021463155,30.4296259389,32.1874766661,34
31.2498194379941,30.4029980084137,32.0966408675745,31.26683052755,30.39979548125,32.147444054,34
31.1886690955941,30.3308491286857,32.0464890625026,31.228159489,30.31440996855,32.1423024843,34
31.2274117934176,30.3711585105149,32.0836650763204,31.22034100905,30.3625077292,32.1383270878,34
31.2469733060735,30.3850830233099,32.1088635888371,31.2946158764,30.3916077331,32.185695558,34
31.2985384914647,30.4362599453775,32.1608170375519,31.2945093334,30.42922358085,32.2233751895,34
31.2401967326176,30.3813067837418,32.0990866814935,31.2260176361,30.37524034485,32.1693925623,34
31.1565800512059,30.3081473794961,32.0050127229157,31.1392970706,30.29630006085,32.06190834895,34
31.15333829455,30.3163259282855,31.9903506608144,31.13716335065,30.31317464525,32.0796846299,34
31.2882628089485,30.4476908174257,32.1288348004713,31.30628704125,30.43454859115,32.17613373695,33
31.3079829779424,30.4652122865727,32.1507536693121,31.35715318995,30.4373989783,32.1658350202,33
31.2661820059667,30.4382650034046,32.0940990085288,31.323033794,30.425468389,32.12716023715,33
31.2587619902909,30.4146690693409,32.1028549112409,31.31117941835,30.37251686685,32.100696288,33
31.3281618608364,30.4782149548845,32.1781087667882,31.40251101765,30.4320333157,32.16942010945,33
31.3597018187062,30.4922207671706,32.2271828702419,31.3978876106,30.4427279596,32.2133520499,32
31.3676252250687,30.4958553995478,32.2393950505897,31.385905538975,30.4773579729,32.2335383777,32
31.3489502483937,30.4722597574872,32.2256407393003,31.3675033598,30.40238329525,32.1965162034,32
31.1256134679935,30.2642945628524,31.9869323731347,31.164782564,30.2471082708,32.0151453236,31
31.0216019689129,30.1541741531549,31.8890297846709,31.01261346465,30.09111008985,31.93353677755,31
30.9780588088742,30.0962628662278,31.8598547515206,30.9446722424,30.03809304285,31.91350569335,31
30.9616922160903,30.0668810818847,31.856503350296,30.94255481795,30.0120672413,31.97160340485,31
30.9284551492452,30.0494862165446,31.8074240819457,30.8767633611,30.0231738149,31.817353418,31
30.8791159087839,30.0011633484232,31.7570684691445,30.788825847975,29.9952756666,31.7325476499,31
30.8908434565484,30.0056613674638,31.776025545633,30.8120379263,29.9308651592,31.77854760805,31
30.874239336671,29.9815486030915,31.7669300702504,30.787850380575,29.9587029804,31.78366604335,31
30.8532734174774,29.9390973801887,31.7674494547661,30.760982126925,29.86876464985,31.74502853675,31
30.8215920219194,29.8848042061675,31.7583798376712,30.809073024025,29.82220673575,31.8127678723,31
30.8218088587806,29.8775950228905,31.7660226946708,30.824508757,29.8109465832,31.79178954505,31
30.8297022690839,29.9034203822773,31.7559841558904,30.779211690475,29.8650355176,31.76480691385,31
30.8094291864032,29.8955284023654,31.7233299704411,30.790753127625,29.8294263574,31.73759042935,31
30.8249013867,29.929431417468,31.720371355932,30.746407417025,29.91043507805,31.71772498365,31
30.8790879018194,30.0265837748978,31.7315920287409,30.8208672394,30.02133485255,31.71135502745,31
30.8797210911323,30.0242451524106,31.735197029854,30.831970584975,30.01727892645,31.7451747049,31
30.8366783440452,29.9949803456307,31.6783763424596,30.8129135164,29.96983915025,31.70269273095,31
30.7723403405355,29.9350343691815,31.6096463118894,30.76502663095,29.8876844561,31.61393906375,31
30.8011959520452,29.9653294609162,31.6370624431741,30.767471627925,29.9500132267,31.6407451663,31
30.8186175035129,29.9856409490267,31.6515940579991,30.748307433225,29.9691431584,31.6906906314,31
30.8056269579581,29.9612362374618,31.6500176784544,30.7680132565,29.9866616993,31.69445457425,31
30.8604456398903,30.0237561434494,31.6971351363313,30.864693022275,30.0528375152,31.72422918635,31
30.8313388265645,30.0236266501381,31.6390510029909,30.82320206575,30.06767984765,31.65529014475,31
30.9282360178516,30.1185872432762,31.7378847924271,30.949958187125,30.14482287255,31.7711478822,31
30.9747918780581,30.1712048542581,31.778378901858,31.0089141461,30.18681321115,31.8029065237,31
30.92310665181,30.0808167740155,31.7653965296045,30.9355730839,30.1351321007,31.7449647893,30
30.98553114197,30.1644356874378,31.8066265965022,31.0114430907,30.1980639952,31.74614760515,30
31.05722891208,30.2494855409229,31.8649722832371,31.1062527111,30.29942217195,31.83399174365,30
31.0772300564467,30.2630815302094,31.891378582684,31.13774969935,30.3254989996,31.8845719887,30
31.0287251375433,30.2074902923902,31.8499599826965,31.0509674347,30.23969978925,31.75943385905,30
30.94654774166,30.108336502279,31.784758981041,30.89920701945,30.10651216555,31.7757391129,30
30.9769079168433,30.1304767767181,31.8233390569686,30.97806380945,30.16856912425,31.79762394615,30
